WorkerID,Name,Gender,Latitude,Longitude,Skills,Available_Mon,Available_Tue,Available_Wed,Available_Thu,Available_Fri,Available_Sat,Available_Sun,Cluster
W0000,John Briggs,Male,52.3709,4.833251,"Welding,Assembly",1,0,1,1,1,0,1,0
W0001,Madison Carlson,Female,52.381569,4.894014,"Packaging,Welding",1,0,1,1,0,1,0,1
W0002,Sandra Hernandez,Female,52.365235,4.875724,"Welding,Packaging",0,0,0,1,0,1,1,1
W0003,Gerald Jefferson Jr.,Male,52.37234,4.824082,"Packaging,Forklift",1,1,1,1,1,0,0,0
W0004,Danielle King,Female,52.342054,4.907804,"QA,Assembly,Logistics",0,0,1,0,1,1,0,2
W0005,Chad Dyer,Male,52.385393,4.924671,"Packaging,Assembly,Admin",1,0,1,1,0,1,1,3
W0006,Breanna Johnson,Female,52.411101,4.91286,"Logistics,QA",1,0,0,1,1,0,0,3
W0007,Eric Wheeler,Male,52.399091,4.848345,"Forklift,Assembly",0,0,0,1,1,0,0,0
W0008,Nicole Riley,Female,52.398656,4.902239,"Admin,QA,Assembly",0,0,0,0,0,0,0,3
W0009,Kristen Ramos,Female,52.369349,4.814869,"QA,Assembly",0,1,0,0,0,0,1,0
W0010,Tyler Chandler,Male,52.367781,4.856726,"QA,Admin",1,0,0,0,1,1,1,0
W0011,Sandra Alexander,Female,52.334994,4.908479,"QA,Packaging",0,0,0,0,1,0,1,2
W0012,Amy Allen,Female,52.332469,4.889191,"Admin,QA,Welding",0,1,0,1,1,1,0,2
W0013,Jerry Patton,Male,52.397768,4.93053,"Admin,Forklift,QA",0,1,0,1,0,1,1,3
W0014,Jessica Rodriguez,Female,52.345429,4.878934,"QA,Welding,Packaging",0,0,1,0,0,0,0,2
W0015,Caleb Cook,Male,52.410551,4.913574,"Packaging,Welding",0,1,1,1,0,0,1,3
W0016,Victor Diaz,Male,52.400305,4.92824,"Forklift,Welding",0,0,0,0,1,1,0,3
W0017,Brooke Austin,Female,52.373175,4.878613,"QA,Logistics,Packaging",1,0,1,1,0,1,1,1
W0018,Michael Grant,Male,52.329506,4.873382,"Packaging,Forklift",0,0,0,0,0,1,1,2
W0019,Christopher Richards,Male,52.419478,4.920738,"Logistics,Welding",0,0,0,0,0,0,1,3
W0020,Tyler Green,Male,52.380237,4.845628,"Admin,Packaging,QA",0,1,1,1,0,0,1,0
W0021,Joseph Parsons,Male,52.355917,4.89787,"Packaging,Assembly",0,0,0,1,1,1,1,2
W0022,Randall Fletcher,Male,52.393807,4.901222,"Assembly,QA,Admin",0,1,1,0,0,0,0,3
W0023,Michelle Castro,Female,52.376092,4.906756,"Packaging,Forklift",1,1,0,1,1,0,0,1
W0024,Regina Middleton,Female,52.340001,4.892235,"Packaging,Logistics,Assembly",0,0,0,0,1,1,1,2
W0025,Jacob Wheeler,Male,52.404709,4.915282,"Packaging,QA",0,0,1,1,0,0,0,3
W0026,Anthony Thompson,Male,52.358895,4.898816,"Admin,QA,Logistics",1,1,1,1,1,0,0,1
W0027,Heather Sanders,Female,52.336585,4.886549,"QA,Logistics,Forklift",0,1,1,0,1,1,1,2
W0028,Matthew Reid,Male,52.375143,4.889634,"Welding,Assembly",1,0,0,1,0,1,1,1
W0029,Patrick Wolf,Male,52.334772,4.886665,"Welding,Packaging,Admin",1,1,1,0,0,1,0,2
W0030,Mr. Antonio Collins Jr.,Male,52.32581,4.884782,"Assembly,Forklift",0,1,1,0,1,0,1,2
W0031,Richard Welch,Male,52.388784,4.836793,"Packaging,Admin",1,0,0,1,1,0,1,0
W0032,Brian Shaw,Male,52.339071,4.889766,"Admin,Forklift,Assembly",1,0,1,1,0,0,1,2
W0033,Jessica White,Female,52.399198,4.840155,"Packaging,Logistics",1,1,0,1,0,0,1,0
W0034,Jennifer Williams,Female,52.369493,4.918479,"Assembly,Forklift,Logistics",1,0,1,1,1,0,1,1
W0035,Kendra Harrison,Female,52.344354,4.888666,"QA,Welding,Admin",0,1,0,0,0,0,1,2
W0036,Frank Goodwin,Male,52.374836,4.908043,"Forklift,Admin,Assembly",1,0,1,0,0,1,1,1
W0037,Richard Frost,Male,52.349634,4.901638,"Assembly,Forklift,Packaging",1,1,1,0,0,0,1,2
W0038,Kyle Hall,Male,52.382837,4.831068,"QA,Forklift",0,1,1,0,1,1,1,0
W0039,David Montoya,Male,52.387939,4.830574,"QA,Logistics,Forklift",1,1,0,1,0,0,0,0
W0040,Alicia Cabrera,Female,52.366205,4.888926,"Logistics,Welding,Assembly",1,1,0,1,1,1,0,1
W0041,Daniel Ellis,Male,52.380116,4.914994,"Forklift,QA",1,0,0,1,0,0,1,3
W0042,Justin Jackson,Male,52.357471,4.870527,"QA,Welding,Assembly",1,0,1,0,1,0,0,2
W0043,Calvin French,Male,52.376508,4.863247,"Welding,Assembly",1,1,1,0,1,0,0,0
W0044,Sean Tanner,Male,52.325214,4.884595,"QA,Forklift",0,0,0,0,0,1,1,2
W0045,Julie Ward,Female,52.378596,4.87679,"Packaging,Welding,Forklift",1,1,0,0,1,0,0,1
W0046,Justin Roberts,Male,52.333946,4.884316,"Welding,QA",0,1,0,1,0,0,1,2
W0047,Scott Gates MD,Male,52.386542,4.842108,"Packaging,Forklift,Assembly",1,0,1,0,1,1,0,0
W0048,John Spencer,Male,52.339873,4.869505,"Logistics,QA",1,0,1,1,1,0,0,2
W0049,Carlos Cole,Male,52.41043,4.909333,"Forklift,Assembly,Welding",0,1,1,1,1,0,1,3
W0050,Katherine Woods,Female,52.398973,4.906337,"Welding,Packaging",1,0,1,1,1,1,1,3
W0051,Shelley Miller,Female,52.387656,4.88881,"Assembly,QA,Packaging",0,0,0,1,0,0,0,1
W0052,James Clements,Male,52.34601,4.896821,"Logistics,QA,Admin",0,0,0,1,1,0,0,2
W0053,Andrew Arnold,Male,52.368819,4.908095,"Welding,Assembly",1,1,1,0,0,0,0,1
W0054,Allen Mcintyre,Male,52.372802,4.822334,"Packaging,Assembly,QA",0,0,0,0,0,0,0,0
W0055,Susan Morris,Female,52.402596,4.917185,"Packaging,QA,Welding",1,0,0,1,0,0,1,3
W0056,Pam Woods,Female,52.372842,4.903509,"Packaging,Forklift",0,0,0,1,0,0,0,1
W0057,Natalie Terry,Female,52.385506,4.894719,"Packaging,Welding,Admin",1,0,1,1,1,0,1,1
W0058,William Dixon,Male,52.396313,4.926082,"Admin,Assembly",1,1,0,0,1,1,0,3
W0059,Kelsey Owens,Female,52.417537,4.929764,"Admin,Assembly,QA",0,0,1,1,1,1,1,3
W0060,Johnny Kelly,Male,52.405344,4.92303,"Assembly,Welding",0,0,0,0,1,0,1,3
W0061,Anthony Jones,Male,52.348308,4.878321,"QA,Logistics,Packaging",1,1,0,1,1,0,1,2
W0062,Jeanette Arroyo,Female,52.394764,4.842561,"QA,Assembly",1,1,0,0,1,1,1,0
W0063,Christopher Newton,Male,52.345895,4.905505,"Forklift,Logistics,Packaging",1,1,0,1,0,1,0,2
W0064,Lisa Sharp DDS,Female,52.385974,4.839975,"QA,Admin,Forklift",0,0,0,1,0,1,1,0
W0065,Jordan Drake,Female,52.412974,4.937375,"Logistics,Packaging,QA",1,1,1,1,0,0,0,3
W0066,Donald Martin,Male,52.374182,4.888985,"Packaging,Logistics",1,1,0,1,0,1,0,1
W0067,David Lopez,Male,52.376748,4.902869,"QA,Packaging,Admin",0,1,1,1,1,0,1,1
W0068,Edward Riley,Male,52.358166,4.895225,"Forklift,Assembly",1,0,1,0,1,1,0,1
W0069,Megan Gonzalez,Female,52.384274,4.836905,"Admin,Forklift",1,1,1,0,1,0,0,0
W0070,Stacey Walker,Female,52.38828,4.84487,"Packaging,Logistics,QA",1,0,1,1,0,0,1,0
W0071,William Henderson,Male,52.389904,4.827861,"QA,Forklift,Admin",0,0,0,1,0,1,0,0
W0072,Olivia Doyle,Female,52.400665,4.843902,"Forklift,Packaging,Admin",0,1,1,1,1,1,0,0
W0073,Cody Sims,Male,52.366773,4.888748,"Forklift,QA",0,0,1,1,0,1,1,1
W0074,Dr. Deanna Foster,Female,52.336861,4.895761,"Forklift,Assembly,QA",0,0,1,0,1,0,1,2
W0075,Richard Stephens,Male,52.346639,4.901015,"Forklift,Packaging,QA",0,0,1,0,1,0,1,2
W0076,Michelle Munoz,Female,52.383094,4.842771,"Welding,Packaging",1,0,0,0,1,1,0,0
W0077,Patricia Miller,Female,52.390466,4.903013,"Assembly,Logistics,QA",1,0,1,0,1,1,1,3
W0078,Megan Shepherd,Female,52.384523,4.838486,"QA,Assembly",0,1,1,0,0,1,0,0
W0079,Kelly Serrano,Female,52.332356,4.906495,"Admin,Packaging,Assembly",1,1,1,0,1,0,1,2
W0080,Audrey Miller,Female,52.366187,4.836341,"Assembly,Admin",1,0,1,0,1,1,1,0
W0081,Matthew Gonzalez,Male,52.412928,4.914704,"Welding,Packaging,Forklift",1,1,0,0,1,0,0,3
W0082,Andrew Fuentes,Male,52.341485,4.876054,"Packaging,Welding,Assembly",0,1,0,0,1,1,0,2
W0083,Michele Jones,Female,52.358842,4.87808,"Logistics,Admin",1,1,0,1,0,0,0,1
W0084,Danielle Knight,Female,52.390734,4.848744,"Welding,Logistics",1,0,0,0,1,0,0,0
W0085,Tyler Ellis,Male,52.371398,4.909071,"Welding,Logistics,Assembly",0,1,1,1,0,1,0,1
W0086,Stephanie Lee,Female,52.381637,4.826529,"Admin,Logistics",1,1,0,0,1,0,1,0
W0087,Penny Johnson,Female,52.342934,4.89378,"Forklift,Packaging",1,1,0,0,1,1,1,2
W0088,Luke Young,Male,52.372362,4.829155,"Assembly,Logistics,Packaging",0,0,1,0,1,1,1,0
W0089,Cindy Baldwin,Female,52.404473,4.898836,"Assembly,Admin",1,0,1,1,0,0,1,3
W0090,Kimberly Phillips,Female,52.394351,4.919885,"Assembly,Admin",1,0,0,1,0,1,1,3
W0091,Mark Johnson,Male,52.392033,4.910826,"Logistics,QA,Admin",0,0,1,1,1,1,1,3
W0092,James Flynn,Male,52.3632,4.9044,"QA,Assembly,Logistics",0,1,1,0,1,1,0,1
W0093,Chad Lynch,Male,52.36071,4.895056,"Logistics,Assembly",1,0,1,1,1,0,0,1
W0094,Thomas Matthews,Male,52.330676,4.89156,"Admin,Forklift,QA",0,0,1,1,0,0,0,2
W0095,Natalie Fields,Female,52.37992,4.842045,"Welding,Packaging",0,0,0,1,0,1,0,0
W0096,Anthony Johnson,Male,52.397438,4.927091,"Forklift,Packaging",1,1,1,1,0,1,1,3
W0097,Mr. Jeffrey Johnson,Male,52.375157,4.924187,"Welding,Logistics",0,1,1,0,0,0,0,3
W0098,Sarah Williams,Female,52.377857,4.872575,"Assembly,Logistics",1,1,0,0,1,0,0,1
W0099,Kristina Serrano,Female,52.358842,4.900009,"Assembly,QA,Packaging",0,1,1,0,1,1,0,1
W0100,Leslie Bauer,Female,52.395913,4.905698,"Welding,Assembly,Admin",1,0,1,0,0,1,1,3
W0101,Nathan Freeman,Male,52.380585,4.837235,"Admin,Assembly,Welding",0,1,1,1,1,1,0,0
W0102,Marissa Martin,Female,52.337486,4.878459,"Packaging,Welding",0,1,1,1,1,1,0,2
W0103,Grace Mayer,Female,52.372688,4.910997,"Admin,Logistics,Forklift",1,0,1,0,0,1,0,1
W0104,Carl Black,Male,52.389203,4.842655,"Admin,Welding",1,0,1,1,0,1,1,0
W0105,Patricia Perez,Female,52.389719,4.84412,"Welding,Packaging,Logistics",1,0,1,1,0,1,1,0
W0106,Leah Schmidt,Female,52.394538,4.828328,"QA,Logistics,Assembly",1,1,0,1,1,0,1,0
W0107,Juan Owens,Male,52.392474,4.815305,"Welding,QA,Admin",0,1,1,0,0,1,1,0
W0108,Teresa Brown,Female,52.373241,4.889316,"Logistics,Assembly,Forklift",0,0,0,1,0,0,1,1
W0109,Melissa Dennis,Female,52.368927,4.896473,"Packaging,Welding",1,1,1,1,0,1,1,1
W0110,Lee Nelson,Male,52.37636,4.885625,"Forklift,Logistics",0,0,1,0,1,1,1,1
W0111,Eugene Turner,Male,52.37682,4.844449,"Welding,Forklift,Assembly",1,1,0,0,1,1,1,0
W0112,Daniel Braun,Male,52.370462,4.873417,"Packaging,Assembly",0,1,0,1,0,1,1,1
W0113,Robert Johnson,Male,52.377358,4.834276,"Forklift,QA,Assembly",1,0,0,0,0,1,0,0
W0114,Margaret Berry,Female,52.423487,4.928026,"Packaging,QA",1,0,1,0,1,0,1,3
W0115,Carrie Dixon,Female,52.414606,4.911125,"Logistics,Welding,QA",1,1,1,0,0,1,1,3
W0116,James Miranda,Male,52.370732,4.887234,"QA,Forklift,Welding",0,0,0,0,0,1,0,1
W0117,Frank Smith,Male,52.345878,4.900812,"QA,Packaging,Forklift",1,0,1,1,0,1,1,2
W0118,Johnathan Davis,Male,52.381886,4.870752,"QA,Forklift",1,1,1,0,0,1,1,1
W0119,Valerie Pacheco,Female,52.392145,4.829106,"Assembly,Logistics",1,1,0,1,1,0,0,0
W0120,Robert Mills,Male,52.395866,4.822631,"Logistics,Admin,Forklift",1,1,1,0,1,1,0,0
W0121,Juan Adams,Male,52.326133,4.8942,"Forklift,Logistics",1,0,1,1,1,0,1,2
W0122,Clinton Hayes,Male,52.361134,4.880654,"Packaging,Logistics",1,1,0,1,1,0,0,1
W0123,Juan Perkins,Male,52.342383,4.888926,"Packaging,Admin",1,1,1,1,0,1,0,2
W0124,Derek Bryant,Male,52.380966,4.905325,"Forklift,QA",1,0,1,0,0,1,1,1
W0125,William Smith,Male,52.406303,4.915289,"Logistics,QA,Packaging",1,0,1,0,0,0,1,3
W0126,Christina Wright,Female,52.412853,4.920612,"QA,Packaging",1,1,1,0,1,1,0,3
W0127,Collin Taylor,Male,52.335101,4.899779,"Admin,Packaging",1,1,1,1,1,1,1,2
W0128,Marissa Brown,Female,52.38455,4.930691,"Welding,QA",0,1,1,1,1,1,0,3
W0129,John Baird,Male,52.361422,4.864248,"Packaging,QA,Admin",1,0,1,1,0,1,0,1
W0130,Crystal Montgomery,Female,52.386485,4.928631,"Assembly,Welding,Admin",0,0,0,0,0,1,0,3
W0131,Kathleen Kent,Female,52.385777,4.90021,"QA,Forklift",1,0,0,1,1,1,0,1
W0132,Kathryn Escobar,Female,52.392738,4.827932,"QA,Logistics",0,1,0,1,1,1,1,0
W0133,Donald Cooke,Male,52.371904,4.89346,"Packaging,Logistics,Welding",0,1,0,0,0,1,1,1
W0134,Emily Patrick,Female,52.364582,4.902144,"Assembly,QA,Packaging",0,1,1,0,1,0,0,1
W0135,Allen Brown,Male,52.361682,4.877644,"Forklift,Packaging",1,1,0,0,0,0,1,1
W0136,Mariah Roberts,Female,52.365736,4.851162,"Logistics,QA",0,0,0,1,1,0,1,0
W0137,Rodney Gonzalez,Male,52.354738,4.892062,"Admin,Forklift,Welding",1,1,1,0,1,1,0,2
W0138,Rebecca Burgess,Female,52.393005,4.827441,"Forklift,QA",1,1,1,0,1,0,1,0
W0139,Brittany Johnson,Female,52.350211,4.875115,"Packaging,Forklift,Assembly",0,1,0,1,0,0,1,2
W0140,James Adams,Male,52.39928,4.841942,"Assembly,Admin",1,0,1,0,1,1,1,0
W0141,Jessica Collier,Female,52.369223,4.891433,"Packaging,QA",0,0,1,0,1,1,1,1
W0142,Catherine Russell,Female,52.407871,4.903712,"Logistics,QA,Admin",0,1,1,1,0,1,1,3
W0143,Phillip Perez,Male,52.37468,4.905798,"QA,Logistics",0,1,0,0,0,0,1,1
W0144,Dawn Murphy,Female,52.339839,4.882039,"Assembly,Welding",1,0,0,0,1,0,0,2
W0145,Sarah Carter,Female,52.382508,4.831189,"Welding,Assembly",0,1,0,0,1,0,1,0
W0146,Rachel Hansen,Female,52.332716,4.888332,"Forklift,Admin,Welding",0,1,1,0,0,1,0,2
W0147,Michele Mcmahon,Female,52.377098,4.84116,"Admin,Forklift,Welding",1,1,1,1,1,0,1,0
W0148,Ronald Drake,Male,52.349893,4.904413,"Admin,Welding,QA",1,1,0,1,1,1,0,2
W0149,Debra Cooper,Female,52.3797,4.826542,"Assembly,Welding",1,0,0,0,1,0,1,0
W0150,Margaret Page,Female,52.38159,4.918721,"Admin,QA",0,0,0,1,1,0,0,3
W0151,Alvin Flores,Male,52.372392,4.871112,"Welding,Forklift",1,1,1,0,1,0,1,1
W0152,Austin Yoder,Male,52.388754,4.842636,"QA,Forklift,Admin",1,1,1,1,0,0,1,0
W0153,Daniel Salazar,Male,52.398809,4.842008,"Assembly,Logistics,Packaging",1,0,1,0,1,1,0,0
W0154,Matthew Baker,Male,52.384789,4.930153,"Packaging,Admin",1,0,1,0,0,0,1,3
W0155,Gregory Lindsey,Male,52.345703,4.895345,"Admin,Packaging",1,0,1,0,1,1,1,2
W0156,Joseph Murphy,Male,52.349659,4.880615,"Assembly,Packaging",0,1,0,0,0,1,0,2
W0157,Elizabeth Lowery,Female,52.385754,4.895225,"Assembly,Welding,Logistics",1,0,0,1,0,0,0,1
W0158,Margaret Robertson,Female,52.34826,4.881353,"QA,Logistics",0,1,1,1,0,0,1,2
W0159,Kevin Taylor,Male,52.345513,4.888862,"Assembly,Admin",0,1,1,1,0,1,1,2
W0160,Dawn Sellers,Female,52.383111,4.892402,"Packaging,Logistics",1,0,0,1,0,1,0,1
W0161,Margaret Hicks,Female,52.401502,4.838227,"QA,Packaging",1,1,0,0,0,1,0,0
W0162,Jennifer Myers,Female,52.3994,4.816859,"Admin,Welding,QA",1,1,1,0,1,1,1,0
W0163,Larry Alvarado,Male,52.409607,4.928187,"Admin,Logistics",0,0,1,0,1,1,0,3
W0164,Danny Suarez,Male,52.356162,4.880868,"Admin,QA,Welding",0,0,0,0,1,1,0,2
W0165,Amanda Williams,Female,52.348659,4.900224,"Logistics,QA,Packaging",1,0,0,1,1,0,0,2
W0166,Michelle Moore,Female,52.392101,4.836093,"Packaging,Welding,Admin",1,1,1,0,1,1,1,0
W0167,Angela Lewis,Female,52.378889,4.897047,"Assembly,Admin,Packaging",0,1,0,1,0,0,0,1
W0168,Shawn Rojas,Male,52.359174,4.895504,"Packaging,Assembly,Admin",1,1,1,0,0,0,0,1
W0169,David Cowan,Male,52.359679,4.883674,"Logistics,Admin,QA",1,0,0,0,0,0,0,1
W0170,Nicole Lucas PhD,Female,52.334282,4.893458,"Assembly,Admin,QA",1,1,0,1,1,0,0,2
W0171,Ryan Smith,Male,52.367271,4.886813,"Logistics,Assembly,Packaging",1,0,0,0,1,1,1,1
W0172,Robert Benson,Male,52.335313,4.891396,"Admin,Welding",0,0,0,0,1,0,0,2
W0173,Derek Mays,Male,52.364781,4.888803,"Welding,Logistics",0,0,1,0,1,0,0,1
W0174,Amanda Jackson,Female,52.380578,4.874211,"Logistics,Welding,Admin",1,1,1,1,0,1,1,1
W0175,James Martinez,Male,52.401872,4.910268,"Welding,Logistics,Assembly",0,0,1,0,1,1,0,3
W0176,Lynn Ewing,Female,52.397909,4.926857,"Logistics,Welding,QA",0,0,0,1,0,0,0,3
W0177,Keith Nelson,Male,52.391162,4.910808,"Forklift,Packaging",1,0,1,0,0,1,1,3
W0178,Michael Beard,Male,52.394201,4.829717,"Welding,Logistics,Packaging",0,1,1,1,0,0,0,0
W0179,Michele James,Female,52.393597,4.836838,"Welding,Assembly",0,0,0,0,1,0,0,0
W0180,Dr. Benjamin Vang,Male,52.403261,4.919749,"QA,Admin",0,0,1,0,1,0,0,3
W0181,Thomas White,Male,52.385668,4.89767,"Logistics,Packaging",1,1,0,0,0,1,1,1
W0182,Kimberly Freeman,Female,52.398885,4.826697,"Welding,Packaging,Assembly",0,1,1,0,1,0,1,0
W0183,Henry Lewis,Male,52.389814,4.916993,"Packaging,Assembly",0,1,0,1,0,1,1,3
W0184,Jenny Whitaker,Female,52.387011,4.851672,"Welding,Packaging",1,1,0,0,1,1,1,0
W0185,Mrs. Jill Cervantes MD,Female,52.358845,4.89079,"Welding,Forklift",0,1,0,0,0,1,1,1
W0186,Holly Austin,Female,52.336314,4.896451,"Packaging,QA,Assembly",0,1,0,0,0,0,1,2
W0187,Heidi Martin,Female,52.364639,4.873791,"QA,Admin",1,0,0,0,0,0,1,1
W0188,Derrick Burke,Male,52.341158,4.876375,"Assembly,QA",0,1,0,1,1,0,1,2
W0189,Paul Ponce,Male,52.363796,4.838282,"Assembly,Forklift",1,0,0,1,1,1,1,0
W0190,Jean Huff,Female,52.408453,4.899488,"Assembly,Admin",1,0,0,1,1,0,1,3
W0191,Ashley Richardson,Female,52.348243,4.881046,"Logistics,Admin",0,1,0,1,0,0,1,2
W0192,Stacey Thomas,Female,52.352803,4.893505,"Welding,Assembly,Admin",0,1,0,1,0,0,1,2
W0193,Kristy Blevins,Female,52.380157,4.82906,"Packaging,Forklift,QA",1,0,1,1,0,1,1,0
W0194,Richard Moore,Male,52.373364,4.822787,"Welding,Logistics",0,1,1,1,1,0,0,0
W0195,Theresa Reeves,Female,52.354126,4.895279,"Forklift,Assembly",0,1,0,1,0,0,0,2
W0196,Patrick Peters,Male,52.388273,4.829201,"Packaging,Admin,Assembly",0,1,1,0,0,1,1,0
W0197,Molly Ramirez,Female,52.366241,4.89148,"Admin,Assembly",1,0,1,1,0,1,1,1
W0198,Lauren Leblanc,Female,52.383391,4.894885,"Admin,Logistics",1,0,1,1,1,0,0,1
W0199,Susan Johnson,Female,52.4054,4.830496,"Assembly,Admin,Packaging",1,0,0,0,1,0,1,0
W0200,Linda Ramirez,Female,52.399703,4.909543,"Forklift,Packaging,Assembly",0,0,1,1,1,1,1,3
W0201,Frank Contreras,Male,52.403089,4.833182,"Welding,QA",0,0,1,0,0,1,0,0
W0202,Denise May,Female,52.379745,4.841551,"QA,Assembly",1,0,0,1,1,0,0,0
W0203,William Lowe,Male,52.405305,4.924971,"QA,Assembly,Admin",1,0,0,0,1,0,0,3
W0204,Michele Perez,Female,52.377351,4.842894,"Packaging,Welding,Logistics",1,0,0,1,0,0,0,0
W0205,Rebecca Moore,Female,52.372353,4.900233,"Assembly,Logistics",0,1,1,1,0,1,0,1
W0206,Heather Butler,Female,52.368713,4.895778,"QA,Logistics",0,1,0,1,1,1,0,1
W0207,Sean Wolfe,Male,52.389485,4.822361,"Packaging,Admin,Forklift",1,0,0,0,1,1,0,0
W0208,Amy Lee,Female,52.350883,4.894216,"Packaging,Admin",0,1,0,0,0,0,1,2
W0209,Thomas Bryan,Male,52.330547,4.882882,"Packaging,Admin,Forklift",1,1,1,0,0,1,0,2
W0210,David George,Male,52.394766,4.926242,"Forklift,Welding",0,1,1,0,1,0,0,3
W0211,Jacob Hubbard,Male,52.339291,4.891574,"Forklift,Packaging,Assembly",0,1,1,0,0,1,0,2
W0212,Amy Dawson,Female,52.380936,4.82258,"Admin,Packaging,Welding",1,0,1,0,0,0,1,0
W0213,Kevin Mullins,Male,52.37972,4.879331,"Welding,QA",0,0,1,1,1,0,1,1
W0214,Cheryl Gonzalez,Female,52.335911,4.89487,"Logistics,Forklift",0,1,1,1,0,0,0,2
W0215,Theodore Peterson,Male,52.331291,4.891328,"QA,Packaging,Assembly",0,1,0,1,0,1,0,2
W0216,Dr. Angela Price,Female,52.371324,4.884212,"Logistics,Admin,QA",0,0,0,1,1,0,1,1
W0217,Amanda Kline,Female,52.340255,4.888846,"Forklift,Logistics,Packaging",0,1,1,0,0,1,1,2
W0218,Misty Cooley,Female,52.381668,4.89647,"Logistics,Forklift,Packaging",0,1,0,0,0,1,0,1
W0219,Rachel Silva,Female,52.418913,4.922818,"Packaging,Logistics,Forklift",0,1,1,1,1,0,0,3
W0220,Carol Salazar,Female,52.395532,4.87503,"Logistics,Assembly,Welding",0,1,0,1,0,0,0,1
W0221,Wanda Jones,Female,52.385502,4.907064,"QA,Assembly",0,1,1,0,0,0,0,1
W0222,Jessica Reyes,Female,52.327996,4.893127,"Logistics,Assembly",1,1,0,1,1,1,0,2
W0223,Blake Anthony,Male,52.363386,4.895996,"Welding,Admin,Forklift",0,0,1,0,0,1,1,1
W0224,Maria York,Female,52.354205,4.887177,"Assembly,Logistics,Welding",0,1,1,1,0,1,1,2
W0225,Jennifer Andrews,Female,52.384607,4.842719,"Assembly,Logistics,Packaging",1,0,1,0,0,0,0,0
W0226,Rachel Lowe,Female,52.404141,4.920364,"Admin,Forklift",1,0,0,1,0,0,0,3
W0227,Gregory Burke,Male,52.368434,4.878713,"QA,Forklift,Logistics",1,0,1,1,1,0,0,1
W0228,Travis Joseph,Male,52.387427,4.91994,"Packaging,QA",1,0,1,0,1,1,0,3
W0229,Robin Powell,Female,52.396651,4.914697,"Admin,Logistics,Forklift",1,0,0,0,1,1,1,3
W0230,Katie Evans,Female,52.338552,4.891087,"Forklift,Assembly",1,0,0,1,1,1,0,2
W0231,Phillip Golden,Male,52.39206,4.936193,"QA,Welding,Forklift",1,0,1,0,1,0,1,3
W0232,George Murray,Male,52.345007,4.871699,"QA,Assembly,Packaging",0,0,1,0,0,1,1,2
W0233,Daniel Brown,Male,52.39196,4.823294,"Packaging,Welding,Assembly",1,1,1,0,0,0,1,0
W0234,Scott Vasquez,Male,52.363436,4.896,"Welding,Packaging",0,0,1,0,0,0,1,1
W0235,Becky Clark,Female,52.394657,4.917354,"Admin,QA",1,1,0,0,1,1,0,3
W0236,Ralph Johnson,Male,52.346766,4.879018,"Welding,Assembly,Admin",0,1,1,1,1,1,1,2
W0237,Jonathan Thompson,Male,52.338199,4.907582,"Welding,Assembly",0,1,0,1,0,0,0,2
W0238,Krista Davis,Female,52.339942,4.873537,"Forklift,Assembly",0,0,0,1,1,1,1,2
W0239,William Johnson,Male,52.394474,4.831034,"Assembly,Admin,Welding",0,0,0,0,0,0,1,0
W0240,Alexis Faulkner,Female,52.374142,4.906113,"Packaging,Assembly,Welding",0,1,1,1,1,0,1,1
W0241,Jeffrey Ware,Male,52.338509,4.915206,"Assembly,Packaging",0,0,0,0,0,1,1,2
W0242,Mark Le,Male,52.396056,4.910131,"Admin,Packaging",0,1,0,0,1,0,1,3
W0243,Carolyn Arellano,Female,52.415298,4.930576,"Admin,Logistics,Packaging",1,1,1,0,1,1,0,3
W0244,Richard Hill,Male,52.393019,4.831465,"QA,Logistics",0,1,0,1,0,0,0,0
W0245,Christopher Daniel,Male,52.387079,4.889953,"Assembly,Welding,Packaging",0,1,1,1,0,0,0,1
W0246,Joseph Watson,Male,52.345621,4.890794,"Logistics,QA,Packaging",1,0,0,0,1,1,1,2
W0247,Robert Harris,Male,52.366446,4.890882,"QA,Admin,Logistics",1,1,1,1,1,0,1,1
W0248,Bianca Richards,Female,52.378613,4.897203,"Packaging,QA",1,0,1,0,1,1,0,1
W0249,Gregory Andrade,Male,52.357365,4.891773,"Admin,Logistics,Packaging",0,1,1,1,1,1,0,1
W0250,Brandon Levy,Male,52.339162,4.889752,"Logistics,Admin,Assembly",0,1,0,0,0,0,1,2
W0251,Stacey Clark,Female,52.374659,4.886908,"Logistics,Admin,Packaging",1,0,1,1,1,0,1,1
W0252,Richard Wyatt,Male,52.380774,4.872339,"Packaging,QA,Forklift",0,1,1,0,1,1,1,1
W0253,Alicia Mata,Female,52.338582,4.899915,"Admin,Welding,Assembly",1,1,0,1,1,1,0,2
W0254,Richard Stewart,Male,52.396726,4.914957,"Forklift,Welding,Admin",0,1,0,1,1,0,0,3
W0255,Jacqueline Hill,Female,52.354871,4.891844,"QA,Forklift",1,1,1,0,0,1,0,2
W0256,Paul Warren,Male,52.3803,4.838303,"Assembly,Welding",0,0,0,0,0,1,0,0
W0257,Todd Stevens,Male,52.378157,4.844914,"Packaging,Welding",0,0,0,1,1,0,1,0
W0258,Donna Ponce,Female,52.383656,4.818474,"Admin,Assembly",0,1,0,1,1,0,1,0
W0259,Daniel Lopez,Male,52.386886,4.908715,"Forklift,QA",0,0,0,1,0,1,0,3
W0260,Leslie Dixon,Female,52.382031,4.829432,"Assembly,Forklift,Admin",0,0,1,1,0,1,1,0
W0261,Wesley Alvarez,Male,52.352073,4.886186,"Welding,Assembly,Logistics",1,1,1,0,0,1,0,2
W0262,Matthew Lucero,Male,52.385241,4.842203,"Admin,Welding,QA",0,1,0,0,1,0,0,0
W0263,Tina Baird,Female,52.387585,4.835029,"Admin,Logistics,Welding",0,0,1,1,1,1,0,0
W0264,Ashley Foster,Female,52.385942,4.838437,"Welding,Logistics,Forklift",1,1,0,1,1,0,0,0
W0265,Jodi Cowan,Female,52.372993,4.895654,"Logistics,Admin",0,0,1,1,1,1,1,1
W0266,Michael Hill,Male,52.347997,4.887,"QA,Welding",1,1,1,0,0,0,1,2
W0267,Marie Johns,Female,52.399511,4.91103,"Assembly,QA,Packaging",1,0,1,1,1,0,1,3
W0268,Kyle Butler,Male,52.369532,4.874843,"QA,Forklift",0,1,1,1,1,1,1,1
W0269,Danielle Morrison,Female,52.403188,4.914781,"Logistics,Forklift,QA",1,0,0,1,0,0,0,3
W0270,Nicholas Perez,Male,52.379176,4.830352,"QA,Logistics",0,1,1,0,0,0,0,0
W0271,Jeremiah Thomas,Male,52.397492,4.914327,"Assembly,Packaging,Admin",1,0,0,0,0,1,1,3
W0272,Erik Davis,Male,52.341844,4.880366,"Forklift,Assembly",0,1,0,1,0,1,0,2
W0273,Cody Boyd,Male,52.353255,4.875705,"Logistics,Packaging",0,0,1,1,1,0,0,2
W0274,John Harris,Male,52.372012,4.904553,"Packaging,Welding",0,0,1,1,0,0,1,1
W0275,Dennis Cochran,Male,52.385305,4.844408,"Logistics,Admin,Forklift",0,1,1,0,1,0,0,0
W0276,Susan Carson,Female,52.367995,4.899304,"QA,Packaging",0,1,1,1,1,1,0,1
W0277,Melinda Murray,Female,52.335507,4.873999,"QA,Packaging",1,0,1,0,0,0,1,2
W0278,Sarah Edwards,Female,52.391581,4.926393,"Packaging,Welding,QA",0,1,0,0,0,0,0,3
W0279,Nicholas King,Male,52.338586,4.900447,"Logistics,Forklift,Assembly",0,1,1,1,0,0,0,2
W0280,Jill Davis,Female,52.349535,4.874851,"Forklift,Welding,Logistics",1,1,0,1,1,0,1,2
W0281,Matthew Rojas,Male,52.398044,4.833895,"Assembly,QA,Admin",1,1,0,0,1,0,1,0
W0282,Brittany Miller,Female,52.375826,4.844929,"Admin,Assembly",0,1,1,0,1,1,1,0
W0283,Melanie Avery,Female,52.399587,4.928598,"Forklift,Packaging,QA",1,1,1,1,0,1,0,3
W0284,Maria Meyer,Female,52.385167,4.834779,"Forklift,Assembly,QA",1,1,1,0,1,1,1,0
W0285,Charles Lopez,Male,52.385368,4.897163,"Packaging,Assembly,Admin",1,0,0,0,1,1,1,1
W0286,Jamie Ross,Male,52.382167,4.834534,"Admin,Welding,Logistics",0,0,0,0,1,1,1,0
W0287,Krista Curry,Female,52.40375,4.921935,"Packaging,Forklift,Logistics",0,1,0,0,0,1,0,3
W0288,Sarah Randolph,Female,52.341039,4.898789,"Admin,Welding",1,0,1,0,0,0,0,2
W0289,Gabrielle Banks,Female,52.350223,4.881284,"Forklift,Admin,Packaging",1,1,1,1,1,1,0,2
W0290,Jamie Austin,Male,52.390689,4.840629,"Forklift,QA,Packaging",1,0,0,1,0,1,0,0
W0291,Timothy Flynn,Male,52.423657,4.919805,"Assembly,Forklift,Logistics",1,1,0,0,0,1,0,3
W0292,Jordan Barber,Male,52.334196,4.888697,"Packaging,Logistics",1,1,1,0,0,1,0,2
W0293,Alan Turner,Male,52.404209,4.909098,"Welding,Logistics,Forklift",0,0,1,1,1,0,0,3
W0294,Holly Bryant,Female,52.330525,4.890659,"Logistics,Welding",0,1,1,0,1,0,0,2
W0295,Wendy Huynh,Female,52.394118,4.912897,"Welding,Assembly",0,0,1,1,0,0,1,3
W0296,John Young,Male,52.375342,4.903161,"Assembly,Admin,Logistics",1,1,0,0,1,0,1,1
W0297,Darlene Cortez,Female,52.376328,4.827961,"Admin,Logistics",0,0,1,1,1,0,1,0
W0298,Amy Murphy,Female,52.415383,4.912798,"Forklift,Packaging",0,1,1,1,0,0,0,3
W0299,Heather Foley,Female,52.403873,4.932602,"QA,Admin,Assembly",1,0,0,0,0,1,1,3
W0300,Christine Hicks,Female,52.390563,4.903231,"Admin,QA",1,1,1,0,0,1,1,3
W0301,Amber Johnson,Female,52.393864,4.869199,"QA,Packaging,Assembly",1,1,0,1,1,0,1,1
W0302,Mrs. Kathryn Arnold,Female,52.337796,4.888353,"Admin,Forklift,Welding",1,0,1,1,0,1,0,2
W0303,Carly Wilson,Female,52.376895,4.886988,"QA,Admin,Forklift",1,0,0,1,1,1,1,1
W0304,Gary Schaefer,Male,52.388236,4.831642,"Welding,QA,Packaging",0,0,0,1,1,1,0,0
W0305,Tammy Wright,Female,52.376911,4.824231,"QA,Welding",0,1,1,1,0,1,1,0
W0306,Shelby Knight,Female,52.388716,4.908441,"Forklift,Admin,Logistics",1,1,0,0,0,0,1,3
W0307,Randy Campos,Male,52.365908,4.886597,"QA,Admin",0,0,1,0,0,1,0,1
W0308,Regina Adams,Female,52.371194,4.822421,"Assembly,Welding",1,0,1,0,0,1,1,0
W0309,Ryan Clark,Male,52.368226,4.893937,"Packaging,Forklift",1,0,0,1,0,0,1,1
W0310,James Melton,Male,52.412814,4.924769,"Welding,Assembly",0,1,0,0,1,0,1,3
W0311,Carolyn Smith,Female,52.402827,4.91196,"Assembly,Packaging,Welding",0,1,0,1,1,1,1,3
W0312,Vanessa Allen,Female,52.357205,4.892464,"Logistics,QA,Forklift",1,1,1,0,1,1,0,1
W0313,Jamie Moore,Female,52.342444,4.886035,"QA,Logistics",1,0,1,1,1,1,1,2
W0314,James Garcia,Male,52.373937,4.895819,"Admin,Assembly",0,1,1,1,1,0,1,1
W0315,Sheena Peterson,Female,52.398603,4.905769,"Admin,Forklift,Logistics",0,0,0,0,0,1,0,3
W0316,Robert Wilson,Male,52.394639,4.83852,"Logistics,QA,Admin",0,1,1,0,0,1,0,0
W0317,Darius Curry DDS,Male,52.351993,4.889538,"Logistics,QA",0,1,0,1,1,0,1,2
W0318,Dawn Pollard,Female,52.392636,4.834818,"Admin,QA",0,1,1,1,0,1,1,0
W0319,Mary Roberts,Female,52.402858,4.917604,"Forklift,Assembly",0,1,0,0,0,1,0,3
W0320,Justin Reeves,Male,52.370669,4.828675,"Admin,QA,Welding",0,0,1,1,0,1,1,0
W0321,Keith Luna,Male,52.331756,4.886306,"Admin,Forklift,QA",0,1,0,1,0,1,0,2
W0322,Scott Jones,Male,52.398216,4.823244,"QA,Packaging",0,1,1,0,1,1,1,0
W0323,Caitlin Davenport,Female,52.346664,4.897831,"Admin,Logistics,QA",0,0,0,0,0,0,0,2
W0324,Heather Crawford,Female,52.39075,4.943578,"Forklift,Welding,Logistics",0,0,1,1,1,1,1,3
W0325,Kevin David,Male,52.383619,4.845405,"Assembly,Welding,Packaging",0,0,1,1,1,0,1,0
W0326,Kari Alvarez,Female,52.360139,4.899332,"Assembly,Welding,Packaging",1,1,0,1,1,1,0,1
W0327,Kim Carpenter,Female,52.413996,4.910744,"Forklift,Admin",0,0,0,1,1,0,1,3
W0328,Jennifer Bryant DVM,Female,52.376007,4.838625,"Admin,Welding",1,0,1,1,1,1,0,0
W0329,Michelle Owen,Female,52.401815,4.918021,"Welding,QA,Logistics",0,1,0,1,1,1,1,3
W0330,Shannon Hudson,Female,52.386929,4.894607,"QA,Packaging,Assembly",0,1,1,1,0,0,1,1
W0331,Laurie Krause,Female,52.36442,4.880663,"Forklift,Packaging",0,1,0,1,1,0,0,1
W0332,Jennifer Roberson,Female,52.393843,4.933084,"Forklift,Welding",1,1,0,0,0,1,0,3
W0333,David Wilson,Male,52.395502,4.914148,"Logistics,QA,Assembly",1,1,1,1,0,1,0,3
W0334,Madeline Massey,Female,52.398825,4.834499,"Admin,Logistics,Forklift",1,0,0,1,0,1,1,0
W0335,Christine Dean,Female,52.37395,4.890599,"Forklift,Admin",0,1,1,0,0,1,0,1
W0336,William Simon,Male,52.384864,4.824358,"Forklift,Admin,Assembly",1,0,0,0,1,1,0,0
W0337,Amanda Fischer,Female,52.351088,4.886615,"Assembly,Forklift",1,0,0,1,1,0,0,2
W0338,Christina Barnes,Female,52.386097,4.848151,"Forklift,Admin,Welding",1,0,0,0,1,1,0,0
W0339,Christopher Harper,Male,52.359572,4.904692,"Logistics,Admin",0,1,0,0,0,0,0,1
W0340,Patricia Howard,Female,52.389192,4.897647,"Assembly,Welding,Packaging",0,0,1,1,1,1,1,1
W0341,Shawn Fowler,Male,52.403149,4.917593,"Logistics,Packaging,Welding",1,1,1,0,0,1,1,3
W0342,Peter Trujillo,Male,52.38361,4.841917,"Logistics,Assembly",1,0,1,1,0,0,0,0
W0343,Jason Edwards,Male,52.377237,4.846732,"Forklift,Packaging",1,0,0,0,1,1,1,0
W0344,Ashley Norman,Female,52.400322,4.831132,"Packaging,Forklift",0,0,0,1,0,1,0,0
W0345,Robert Richardson,Male,52.400864,4.92057,"Assembly,Admin",0,1,0,1,0,0,1,3
W0346,Teresa Cruz,Female,52.349167,4.883756,"Forklift,Logistics",1,1,0,0,1,1,0,2
W0347,Mike Williams,Male,52.382418,4.875682,"Admin,Welding",0,1,1,1,1,1,1,1
W0348,Eric Fowler,Male,52.401012,4.932164,"Admin,Logistics",0,0,0,1,1,0,0,3
W0349,Edward Newman III,Male,52.406393,4.937977,"QA,Packaging",0,1,0,0,0,0,1,3
W0350,Jeremiah James,Male,52.347602,4.888958,"Welding,Admin",1,0,1,0,0,0,1,2
W0351,Robert Rodriguez,Male,52.367019,4.889332,"Packaging,QA",0,1,0,0,1,1,0,1
W0352,Sophia Powers,Female,52.332218,4.890666,"Welding,QA",1,0,0,0,0,0,1,2
W0353,Steven Coleman,Male,52.398848,4.830695,"QA,Forklift",0,1,0,1,1,1,1,0
W0354,Jessica Chapman,Female,52.347492,4.868839,"Packaging,Admin,QA",1,1,1,1,1,1,0,2
W0355,Matthew Ellison,Male,52.405961,4.92552,"Assembly,Admin,Welding",1,1,1,0,1,0,0,3
W0356,Molly Jones,Female,52.395389,4.833904,"Logistics,Packaging",0,0,0,0,0,0,0,0
W0357,David Estrada,Male,52.330415,4.900055,"Packaging,Admin",0,1,1,0,1,0,1,2
W0358,Dorothy Clements,Female,52.406274,4.904326,"Packaging,QA,Forklift",0,0,1,0,0,1,1,3
W0359,Nicole Jones,Female,52.362547,4.887167,"Forklift,Welding,QA",1,0,1,0,1,0,0,1
W0360,Christopher Mcdowell,Male,52.381522,4.895417,"Welding,Packaging,QA",1,0,1,1,0,0,1,1
W0361,Travis Howell,Male,52.351003,4.885626,"Admin,Welding",0,0,1,1,1,1,1,2
W0362,Stacy Strickland,Female,52.340997,4.895903,"Admin,Logistics",1,1,0,0,0,0,1,2
W0363,Joseph Adams,Male,52.38876,4.894716,"Admin,Welding",0,1,0,1,1,0,0,1
W0364,Christopher Zamora,Male,52.340762,4.889079,"Forklift,QA,Logistics",1,0,1,1,0,0,0,2
W0365,James Anderson,Male,52.333662,4.880463,"Forklift,Welding",1,0,0,1,0,1,0,2
W0366,Chloe Garcia,Female,52.347215,4.893031,"Logistics,Forklift",0,1,0,1,0,1,0,2
W0367,Michael Scott Jr.,Male,52.362443,4.888696,"Assembly,Forklift,Admin",1,0,0,1,0,0,1,1
W0368,Anthony Mullins,Male,52.386168,4.904664,"Packaging,Logistics",0,0,0,1,1,0,0,1
W0369,Maxwell Dixon,Male,52.372116,4.912837,"Admin,Forklift",0,0,1,0,1,1,1,1
W0370,Jody Bruce,Female,52.386785,4.827078,"Logistics,Admin",0,1,1,0,0,0,0,0
W0371,Gavin Glover,Male,52.33829,4.892262,"Logistics,Admin",1,0,1,1,1,1,1,2
W0372,Amber Harris,Female,52.313546,4.892689,"Logistics,Admin,QA",1,0,1,1,0,0,1,2
W0373,Jeffrey Khan,Male,52.366572,4.896451,"Assembly,Logistics",0,1,0,1,1,0,1,1
W0374,Rebecca Collins,Female,52.378954,4.913021,"Forklift,QA,Assembly",1,1,0,1,0,0,1,1
W0375,Christopher Hogan,Male,52.344682,4.88837,"Logistics,Packaging,Admin",1,0,0,1,1,0,0,2
W0376,Fernando Harrison Jr.,Male,52.373239,4.87203,"Admin,Logistics,Packaging",1,1,1,0,0,0,1,1
W0377,Christina Wilkerson,Female,52.395193,4.906921,"Packaging,Forklift",1,1,0,1,0,1,1,3
W0378,Erin Casey,Female,52.343984,4.895867,"Logistics,Forklift,Assembly",0,0,1,1,0,1,1,2
W0379,Jason Arroyo,Male,52.422968,4.937432,"Packaging,QA",0,0,0,1,1,1,1,3
W0380,Calvin Mclean,Male,52.354015,4.884998,"Packaging,QA",1,1,1,0,0,1,1,2
W0381,Ryan Murray,Male,52.34112,4.879984,"Logistics,Welding,Admin",0,0,0,0,0,1,0,2
W0382,Lauren Page,Female,52.365264,4.917802,"Admin,Forklift,Assembly",0,1,0,0,1,0,0,1
W0383,Daniel Flynn,Male,52.369689,4.906618,"Welding,Admin",1,1,1,1,0,0,1,1
W0384,Tamara Rivera,Female,52.33955,4.874262,"Welding,Packaging,Assembly",0,0,1,0,1,1,0,2
W0385,Patrick Bell,Male,52.340214,4.893775,"Welding,Logistics,Packaging",0,0,1,1,1,0,1,2
W0386,Paul Wood,Male,52.391957,4.940474,"Logistics,Packaging,Forklift",1,0,0,1,0,1,1,3
W0387,Daniel Wood,Male,52.331132,4.887328,"QA,Packaging",1,1,1,1,0,0,0,2
W0388,Rhonda Mcmillan,Female,52.41257,4.927643,"Forklift,Logistics,Packaging",0,1,0,0,0,0,1,3
W0389,Mrs. Krystal Pearson,Female,52.320929,4.903975,"Forklift,Packaging",1,0,1,0,0,1,0,2
W0390,Angel Dunn,Male,52.406478,4.928298,"QA,Welding",1,0,1,1,0,0,1,3
W0391,Amanda Rios,Female,52.350786,4.904815,"Admin,Packaging",0,0,0,1,0,0,0,2
W0392,Dawn Floyd,Female,52.394942,4.907564,"Admin,Assembly,QA",1,0,1,1,1,0,0,3
W0393,Cynthia Patterson,Female,52.370664,4.89494,"Logistics,Welding,Packaging",1,1,1,1,0,1,0,1
W0394,Lauren Cruz,Female,52.342891,4.908339,"Welding,Assembly,Forklift",1,0,1,0,1,1,1,2
W0395,Mrs. Cynthia Wood PhD,Female,52.414344,4.842417,"Forklift,Welding",0,0,1,0,0,0,0,0
W0396,Logan Cannon,Male,52.376392,4.888231,"QA,Admin,Logistics",0,0,0,0,0,1,0,1
W0397,Kimberly Gonzalez,Female,52.380189,4.842477,"QA,Forklift,Admin",1,0,1,1,1,1,0,0
W0398,Katelyn Cooley,Female,52.404259,4.906304,"Logistics,Packaging",1,0,1,1,0,0,1,3
W0399,Joshua Welch,Male,52.377877,4.842951,"Admin,QA,Logistics",0,1,1,0,0,0,1,0
W0400,Aaron Singleton MD,Male,52.40802,4.915065,"Welding,Assembly,Admin",0,0,0,1,0,0,0,3
W0401,Sara Bowers,Female,52.388196,4.892922,"Welding,Assembly",1,1,0,1,1,1,1,1
W0402,William Weeks,Male,52.367544,4.917463,"Packaging,Admin",1,0,1,0,1,0,1,1
W0403,Brianna May,Female,52.376415,4.8777,"Admin,Packaging",0,0,0,0,0,0,1,1
W0404,Tyler Powers MD,Male,52.375343,4.899023,"Forklift,Admin",1,0,0,0,0,1,0,1
W0405,Nicole Ward,Female,52.394841,4.82216,"Admin,Welding",1,0,1,1,0,0,1,0
W0406,Brittany Melton,Female,52.381153,4.826196,"Forklift,Packaging,Admin",0,0,0,0,1,0,1,0
W0407,Amber Hudson,Female,52.353702,4.895305,"QA,Welding,Admin",0,1,0,1,1,1,1,2
W0408,Michelle Michael,Female,52.369787,4.902018,"Admin,Packaging,Welding",1,1,0,0,0,0,0,1
W0409,Frederick Vargas,Male,52.367627,4.898761,"Admin,Assembly,Logistics",0,0,1,0,0,0,1,1
W0410,Morgan Evans,Female,52.371261,4.893628,"Welding,Packaging",0,0,0,1,0,0,0,1
W0411,Kimberly Thompson,Female,52.367741,4.912464,"Logistics,Admin,Forklift",0,0,1,0,1,1,0,1
W0412,Krystal Pena,Female,52.43005,4.919321,"Packaging,Welding,Admin",1,0,0,0,0,1,1,3
W0413,Christopher Shelton,Male,52.388519,4.847358,"Packaging,Forklift,QA",0,1,0,0,0,1,1,0
W0414,Joshua Stanley,Male,52.372043,4.849641,"Welding,Assembly,Packaging",0,0,1,0,1,1,0,0
W0415,Laura Brewer,Female,52.372074,4.912428,"Forklift,QA",0,1,0,0,1,1,1,1
W0416,Kenneth Smith,Male,52.392533,4.838646,"Forklift,QA",0,1,0,1,1,1,0,0
W0417,Vincent Mays,Male,52.331855,4.883085,"Admin,Forklift,QA",0,0,1,1,0,1,1,2
W0418,Aaron Fox,Male,52.376755,4.894768,"Logistics,Welding,QA",1,0,1,1,1,1,0,1
W0419,Robert Williams,Male,52.420141,4.918279,"Welding,Assembly",0,1,1,1,0,0,0,3
W0420,Jennifer Porter,Female,52.346866,4.889818,"Assembly,Logistics",1,0,1,1,0,1,1,2
W0421,Joseph Brown,Male,52.341298,4.881,"Forklift,Packaging",0,0,0,1,1,1,0,2
W0422,Samantha Nichols,Female,52.364825,4.895912,"Welding,Admin,Logistics",1,0,0,1,1,0,0,1
W0423,Brenda Clayton,Female,52.380115,4.907084,"Forklift,QA,Welding",0,1,0,0,1,1,1,1
W0424,Jeffrey Zimmerman,Male,52.410415,4.923137,"Logistics,Welding",0,1,0,0,0,0,1,3
W0425,Juan Smith,Male,52.364179,4.899972,"Forklift,Assembly,Admin",0,1,1,0,1,1,1,1
W0426,Regina Burns,Female,52.394931,4.835596,"Welding,Assembly,Forklift",1,1,1,1,1,0,1,0
W0427,Scott Davis,Male,52.384022,4.906183,"Forklift,QA",1,0,0,0,0,1,1,1
W0428,Barbara Lee,Female,52.389132,4.901153,"Assembly,Logistics",0,0,0,0,1,0,0,1
W0429,Sierra Cobb,Female,52.36388,4.889891,"Welding,Admin,Assembly",1,0,0,1,0,1,1,1
W0430,Erik Braun,Male,52.366407,4.896,"Admin,Welding",1,1,0,0,1,0,0,1
W0431,Michael Lara,Male,52.392523,4.917597,"Logistics,Welding",1,0,0,0,0,0,0,3
W0432,Julia Adkins,Female,52.374505,4.901086,"QA,Logistics,Forklift",0,1,1,1,0,1,1,1
W0433,Derek King,Male,52.35009,4.904613,"Assembly,Packaging,Forklift",1,0,1,0,1,1,1,2
W0434,Nancy Hendrix,Female,52.41178,4.928281,"Welding,Admin",1,1,0,1,0,0,1,3
W0435,Billy Williams,Male,52.340103,4.898869,"Welding,Logistics,Packaging",1,0,0,0,1,1,1,2
W0436,Breanna Berry,Female,52.419923,4.922445,"Packaging,Forklift,Admin",0,1,1,1,1,0,1,3
W0437,Miss Robin Weiss,Female,52.359222,4.872656,"Logistics,Welding",0,0,0,1,0,0,1,2
W0438,Rebecca Dunn,Female,52.366121,4.879054,"Admin,Forklift,QA",0,1,1,0,1,0,1,1
W0439,Robert Fritz,Male,52.399812,4.916577,"Logistics,Assembly",1,1,0,1,1,0,0,3
W0440,Jessica Reynolds,Female,52.360172,4.907362,"Welding,Assembly",1,1,1,1,1,1,1,1
W0441,Robert Fuller,Male,52.375333,4.917006,"Admin,Logistics,Forklift",0,0,0,0,1,1,0,1
W0442,Melissa Scott,Female,52.383012,4.842583,"Welding,Logistics,Packaging",0,1,0,1,1,1,1,0
W0443,Kenneth Lee,Male,52.393539,4.842225,"Packaging,Assembly,Forklift",0,0,0,0,1,0,1,0
W0444,Benjamin Haney,Male,52.352331,4.873693,"Logistics,Forklift",0,1,0,1,1,0,0,2
W0445,Anthony Campbell,Male,52.373527,4.880092,"QA,Logistics",0,0,0,1,0,1,0,1
W0446,Joseph Frazier,Male,52.411731,4.92553,"Packaging,Welding,Forklift",1,1,0,1,0,0,1,3
W0447,David Cantrell,Male,52.33764,4.887216,"Logistics,Welding",0,1,0,1,1,1,0,2
W0448,Curtis Silva,Male,52.377486,4.830317,"Welding,Admin",0,0,1,0,1,0,1,0
W0449,Misty Peterson,Female,52.383386,4.835402,"Logistics,Packaging",1,1,1,0,1,0,1,0
W0450,Danielle Gilbert,Female,52.403328,4.917111,"QA,Assembly,Packaging",0,0,0,1,0,0,1,3
W0451,Kelly Warren,Female,52.395977,4.87333,"Admin,Forklift,Assembly",1,1,1,1,0,0,0,1
W0452,Andrea Williams,Female,52.348378,4.876023,"Forklift,Welding,Logistics",0,1,0,1,1,0,0,2
W0453,Michelle Garza,Female,52.362613,4.912926,"QA,Packaging,Logistics",1,1,0,0,1,1,0,1
W0454,Nancy Duarte,Female,52.335004,4.884935,"Welding,Admin",1,1,1,0,0,1,0,2
W0455,Alexandra Vazquez,Female,52.370863,4.887079,"QA,Logistics",0,0,1,0,1,1,0,1
W0456,Rebekah Browning,Female,52.323217,4.893168,"Logistics,Forklift,Packaging",1,1,0,1,0,0,1,2
W0457,Elizabeth Bass MD,Female,52.324338,4.86222,"Forklift,Packaging",0,0,0,0,1,0,0,2
W0458,Leslie Giles,Female,52.391459,4.839743,"Admin,Packaging",0,1,1,0,0,1,1,0
W0459,Eric Wolfe,Male,52.376873,4.890063,"Packaging,Logistics",0,1,0,0,1,1,0,1
W0460,Eric Smith,Male,52.409947,4.831158,"QA,Packaging",0,1,0,1,1,1,1,0
W0461,John Lopez,Male,52.340708,4.897341,"Logistics,Admin",1,0,0,1,1,0,0,2
W0462,Karen Stevens,Female,52.350102,4.88392,"Packaging,Forklift,Admin",0,0,1,1,0,0,0,2
W0463,Arthur Horn,Male,52.367415,4.824492,"Assembly,Admin,Packaging",1,0,0,1,1,1,1,0
W0464,Rebecca Conner,Female,52.36751,4.878329,"Logistics,Forklift,Assembly",1,0,0,0,1,1,0,1
W0465,Sara Copeland,Female,52.335965,4.881924,"Forklift,Welding",1,1,1,0,0,1,0,2
W0466,Christina Daugherty,Female,52.412621,4.929806,"Forklift,Packaging,Welding",1,0,1,1,0,0,1,3
W0467,Judy Garcia,Female,52.414041,4.932471,"Admin,QA",0,0,0,1,1,1,0,3
W0468,Brittany Rivera,Female,52.365295,4.896845,"QA,Welding",0,0,0,1,0,1,0,1
W0469,Kevin Jones,Male,52.398103,4.915154,"Packaging,Welding,Logistics",0,0,0,1,1,0,0,3
W0470,Jason Ortiz,Male,52.328941,4.900817,"QA,Packaging,Assembly",0,0,0,1,1,1,0,2
W0471,Jacqueline Randall,Female,52.346901,4.899166,"Forklift,Admin,Logistics",1,0,1,1,0,0,1,2
W0472,Deanna Barton,Female,52.39356,4.843176,"Admin,Forklift,Assembly",0,1,0,1,0,0,0,0
W0473,Nicholas Graham,Male,52.371866,4.897444,"Welding,Assembly,Logistics",1,0,1,0,1,1,0,1
W0474,Debra Rice,Female,52.316273,4.880989,"Logistics,Welding",1,0,1,1,0,0,1,2
W0475,Kimberly Gaines,Female,52.396465,4.921677,"Admin,QA",0,0,0,0,1,0,1,3
W0476,Vickie Torres,Female,52.395089,4.89036,"Packaging,Assembly",1,0,0,0,1,1,0,1
W0477,Janice Martin DVM,Female,52.393857,4.917882,"QA,Logistics,Welding",1,1,1,0,0,0,0,3
W0478,Gary Reyes,Male,52.371764,4.887411,"Forklift,QA,Welding",1,1,0,1,1,1,1,1
W0479,Angel Anderson,Female,52.397758,4.910336,"Logistics,Packaging,Forklift",1,1,1,0,0,1,1,3
W0480,Susan Miller MD,Female,52.416041,4.920056,"QA,Logistics,Admin",1,0,1,1,0,0,0,3
W0481,Kelly Johnson,Female,52.353961,4.883769,"Assembly,Welding,Packaging",1,0,0,1,0,1,1,2
W0482,Christina Beard,Female,52.326819,4.86399,"Assembly,QA,Welding",1,0,0,0,1,1,0,2
W0483,Andrew Forbes,Male,52.397212,4.919196,"Assembly,Forklift,Packaging",1,1,0,0,1,0,0,3
W0484,Jessica Miller,Female,52.372871,4.932809,"Admin,Assembly",0,1,1,0,1,0,0,3
W0485,Tammy Chambers,Female,52.324939,4.893451,"Welding,Packaging",1,0,1,1,0,0,1,2
W0486,Jeremy Bailey,Male,52.33597,4.88487,"Logistics,Admin",1,0,1,0,0,0,0,2
W0487,Andrew Hayes,Male,52.398618,4.906023,"Welding,QA,Admin",1,1,1,0,0,1,0,3
W0488,Jennifer Daugherty,Female,52.422248,4.904146,"Forklift,Assembly,Packaging",0,0,1,1,1,1,0,3
W0489,Casey Johnson,Female,52.391008,4.907323,"Logistics,Packaging",0,1,0,1,1,0,1,3
W0490,Tiffany Young,Female,52.387702,4.838918,"Welding,Logistics",0,1,1,1,1,0,0,0
W0491,Seth Wood,Male,52.342729,4.89864,"Packaging,Forklift",1,0,0,0,1,0,0,2
W0492,Kristine Huerta,Female,52.329821,4.889573,"Forklift,QA,Admin",0,1,1,0,1,0,0,2
W0493,Rebecca Schmidt MD,Female,52.371621,4.886694,"Welding,Packaging,Logistics",0,1,1,0,0,1,1,1
W0494,Cameron Allen,Male,52.378334,4.820415,"Assembly,Welding",0,0,1,1,0,1,1,0
W0495,Courtney Moreno,Female,52.387579,4.838267,"Assembly,Admin",1,0,0,0,1,0,1,0
W0496,Timothy Mendoza,Male,52.387554,4.846671,"Logistics,Packaging",0,1,1,1,1,1,1,0
W0497,Richard Mclean,Male,52.374574,4.896312,"Logistics,Assembly,Forklift",1,0,0,1,0,0,0,1
W0498,Donald Townsend,Male,52.387433,4.838176,"Welding,Logistics,Forklift",0,0,1,0,1,0,1,0
W0499,Lisa Williams,Female,52.373276,4.83265,"QA,Packaging",1,0,1,1,1,1,1,0
W0500,Elizabeth Durham,Female,52.380665,4.903271,"Assembly,QA,Forklift",0,0,0,1,0,0,0,1
W0501,Lori Lewis,Female,52.367562,4.88637,"Packaging,Admin,Logistics",1,1,0,1,0,0,1,1
W0502,Donna Brown,Female,52.405245,4.925241,"Assembly,Admin,Welding",0,1,0,1,0,1,0,3
W0503,Melissa Thornton,Female,52.372842,4.910125,"QA,Assembly",0,0,1,0,0,1,1,1
W0504,Ann Davila,Female,52.404862,4.915099,"Assembly,Admin",1,1,1,1,0,1,0,3
W0505,Diane Thompson,Female,52.317843,4.874885,"Assembly,Logistics,Admin",1,0,0,1,1,0,0,2
W0506,Frank Phillips,Male,52.404848,4.913955,"Assembly,Welding,Forklift",1,1,0,1,1,0,0,3
W0507,Nichole Nelson,Female,52.376647,4.822833,"Assembly,Logistics,Welding",0,0,0,1,0,0,1,0
W0508,Denise Hogan,Female,52.423041,4.906492,"Admin,Logistics",1,1,0,1,0,1,0,3
W0509,Sharon Downs,Female,52.35244,4.902291,"Welding,Logistics",0,0,0,0,1,1,0,2
W0510,Kevin Ramirez,Male,52.388467,4.897926,"Logistics,Welding,QA",1,0,1,1,1,1,1,1
W0511,Sarah Mcguire,Female,52.354928,4.892907,"Assembly,Admin,Welding",1,1,0,0,1,1,1,2
W0512,Mary Daniel,Female,52.375932,4.892556,"Packaging,Admin,Assembly",0,1,1,0,1,0,1,1
W0513,Malik Miller,Male,52.38064,4.889256,"Admin,Forklift,Packaging",0,1,0,0,0,0,0,1
W0514,Wendy Sanders,Female,52.374232,4.842903,"QA,Admin",1,1,0,0,1,0,1,0
W0515,Kevin Warren,Male,52.391688,4.846838,"Packaging,Welding",1,0,0,0,0,0,1,0
W0516,Mark Brown,Male,52.411802,4.915913,"Welding,QA,Assembly",1,1,1,0,0,1,0,3
W0517,Bryan Zhang,Male,52.396576,4.881232,"Assembly,Packaging",1,0,0,0,1,0,1,1
W0518,Frederick Wallace,Male,52.3765,4.843805,"QA,Assembly,Forklift",0,0,0,1,1,0,0,0
W0519,Patricia Alvarado,Female,52.405415,4.917113,"Admin,Assembly",1,1,1,0,1,0,1,3
W0520,Kendra Fuentes,Female,52.398934,4.915246,"Assembly,Logistics",0,0,1,0,1,0,1,3
W0521,John Black,Male,52.341157,4.896961,"Logistics,Assembly,Packaging",1,0,0,0,0,1,0,2
W0522,Ariel Allen,Female,52.396755,4.917455,"QA,Admin",1,0,0,1,0,1,1,3
W0523,Michele Higgins,Female,52.397566,4.911682,"Logistics,Assembly",0,0,0,0,1,1,0,3
W0524,Ashley Newman,Female,52.399824,4.846808,"Assembly,QA,Admin",0,0,1,0,0,0,1,0
W0525,Cody Brady,Male,52.386331,4.85516,"Logistics,QA",1,0,0,0,1,1,0,0
W0526,Lacey Rowe,Female,52.400443,4.838249,"Assembly,Admin,Logistics",1,1,1,1,0,1,0,0
W0527,Amy Burton,Female,52.322946,4.902853,"Logistics,QA,Welding",0,1,0,0,0,1,0,2
W0528,John Barnett,Male,52.425091,4.914969,"QA,Forklift",0,0,0,0,1,0,0,3
W0529,Stacey Garcia,Female,52.364743,4.8821,"QA,Forklift",1,1,0,0,0,1,0,1
W0530,Joshua Kennedy,Male,52.341155,4.88382,"QA,Admin",1,1,1,0,0,1,1,2
W0531,Sarah Cook,Female,52.381677,4.902422,"Forklift,Assembly",1,1,1,1,0,1,0,1
W0532,Alyssa White,Female,52.373276,4.837872,"Welding,Logistics",1,0,0,0,1,1,1,0
W0533,Mr. Robert Harmon PhD,Male,52.4034,4.929029,"Assembly,QA",0,1,0,1,1,0,0,3
W0534,Rachel Hoffman,Female,52.415633,4.912403,"Logistics,QA",0,1,0,1,1,1,1,3
W0535,Elizabeth Clayton,Female,52.385733,4.914221,"Assembly,Admin",0,1,0,1,1,1,0,3
W0536,Lisa Keller,Female,52.383324,4.827258,"Packaging,QA,Forklift",0,1,0,1,0,0,0,0
W0537,Rodney Brown,Male,52.384241,4.899574,"Forklift,QA",0,1,0,0,1,0,0,1
W0538,Arthur Murray,Male,52.378989,4.834329,"Logistics,Welding",1,1,0,1,0,1,0,0
W0539,Lisa Fry,Female,52.378435,4.89105,"Welding,QA,Admin",0,1,1,0,1,0,0,1
W0540,Benjamin Powers,Male,52.384119,4.83731,"Admin,Assembly,Logistics",0,1,0,1,0,1,1,0
W0541,Tanya Becker DVM,Female,52.333453,4.888864,"Admin,Assembly,QA",0,0,1,1,0,1,0,2
W0542,Lawrence Hebert,Male,52.35695,4.889014,"QA,Welding",1,0,0,1,0,1,0,2
W0543,Daniel Shelton,Male,52.348983,4.888698,"Logistics,Admin,QA",0,1,1,1,1,0,1,2
W0544,Ashley Mendez,Female,52.385875,4.847269,"Assembly,Admin,Packaging",0,1,1,0,0,0,1,0
W0545,Rachel Lewis,Female,52.327227,4.883814,"Assembly,Welding,Logistics",0,0,0,0,1,0,0,2
W0546,Victoria Davies,Female,52.373369,4.829225,"Assembly,Admin,QA",0,0,0,0,1,1,1,0
W0547,Grace Burgess,Female,52.340581,4.897691,"Packaging,Assembly",0,1,1,1,1,1,0,2
W0548,Mackenzie Lee,Female,52.403817,4.902176,"Assembly,Welding,Forklift",0,1,0,1,0,1,1,3
W0549,Sylvia Fox,Female,52.371356,4.890101,"Forklift,Assembly,Welding",1,0,1,0,0,0,1,1
W0550,Paula Hill,Female,52.387134,4.839863,"Welding,QA,Packaging",0,0,0,0,1,1,0,0
W0551,David Reed,Male,52.403486,4.83421,"QA,Forklift",0,0,1,0,1,1,1,0
W0552,Patricia Butler,Female,52.376204,4.904475,"Welding,Packaging,Admin",0,1,0,0,0,0,0,1
W0553,Michelle Hunter,Female,52.395924,4.830608,"Assembly,Packaging,Forklift",0,1,1,0,0,0,0,0
W0554,Gregory Parker,Male,52.366539,4.884915,"Admin,Logistics,Forklift",0,1,1,0,1,0,1,1
W0555,Allison Valentine,Female,52.333798,4.891321,"Logistics,QA",0,0,1,1,0,1,0,2
W0556,Andrew Hinton,Male,52.375346,4.83429,"Logistics,Forklift,Packaging",1,1,0,1,0,0,0,0
W0557,William Fuller,Male,52.409572,4.9181,"Packaging,QA",0,1,0,0,1,0,1,3
W0558,James Fields,Male,52.315707,4.885983,"Forklift,Welding,Admin",0,0,0,0,1,0,1,2
W0559,Alexis Watson,Female,52.393313,4.923376,"Forklift,Logistics,QA",1,1,1,1,1,1,0,3
W0560,Danny Roberts,Male,52.403769,4.819324,"Logistics,Forklift,QA",0,0,0,1,1,1,0,0
W0561,Sharon Torres,Female,52.397644,4.928806,"Packaging,Forklift",1,1,0,1,1,0,0,3
W0562,Sara Singleton,Female,52.363682,4.873195,"Admin,Logistics,Assembly",1,1,1,0,1,0,1,1
W0563,Stephanie Davidson,Female,52.380923,4.843824,"QA,Assembly,Forklift",1,1,1,0,0,0,1,0
W0564,Thomas Williams,Male,52.401295,4.934764,"QA,Admin,Logistics",1,1,1,0,0,0,1,3
W0565,Elizabeth Fischer,Female,52.390003,4.909561,"Admin,Assembly",1,0,0,0,1,1,0,3
W0566,Dillon Morrison,Male,52.394495,4.908363,"Welding,Admin,Logistics",1,0,1,1,1,1,0,3
W0567,Glen Contreras,Male,52.332777,4.886608,"Logistics,QA,Admin",0,1,0,1,1,0,0,2
W0568,Jonathan Evans,Male,52.321279,4.878352,"Welding,Assembly",0,0,0,1,1,1,1,2
W0569,Karen Harmon,Female,52.377363,4.879867,"Welding,Admin,Forklift",1,1,1,1,1,1,1,1
W0570,Margaret Baird,Female,52.392119,4.839397,"Admin,Assembly",0,0,1,0,0,1,0,0
W0571,James Moore,Male,52.385584,4.917714,"Logistics,Assembly",1,0,1,0,1,1,0,3
W0572,Kelly Jackson,Female,52.406649,4.924633,"Assembly,Admin",0,1,0,1,0,0,1,3
W0573,Donald Sanchez,Male,52.340107,4.890758,"QA,Welding,Packaging",0,1,1,0,1,1,0,2
W0574,Sarah Jordan,Female,52.379161,4.877934,"Admin,Welding,Packaging",0,1,1,0,1,1,0,1
W0575,Chelsea Jacobson,Female,52.384165,4.830681,"Assembly,Welding,Logistics",1,1,1,1,1,0,1,0
W0576,Debra Harrison DDS,Female,52.395202,4.905163,"Packaging,Assembly,QA",1,0,0,1,1,0,0,3
W0577,Rodney Hernandez,Male,52.408864,4.915374,"Forklift,Assembly",1,0,0,0,0,1,1,3
W0578,Kathleen Johnson,Female,52.391057,4.927449,"Assembly,Logistics",0,1,0,1,0,0,1,3
W0579,Stephanie Pollard,Female,52.387456,4.847518,"Forklift,Admin",1,1,1,0,0,1,1,0
W0580,Michael Reed,Male,52.378397,4.901334,"Logistics,QA,Forklift",1,1,1,0,0,1,1,1
W0581,John Green DDS,Male,52.338023,4.897197,"Welding,Packaging",1,0,0,1,1,0,0,2
W0582,Jasmine Peck,Female,52.383672,4.841822,"Assembly,Logistics,Admin",0,0,1,0,0,0,0,0
W0583,Marcus Delgado,Male,52.342631,4.893043,"Welding,Packaging,Assembly",1,0,1,1,0,1,1,2
W0584,Andrew Meadows,Male,52.386251,4.896582,"Packaging,QA,Assembly",1,0,1,0,1,1,0,1
W0585,Amy Allen,Female,52.37801,4.89875,"Admin,Forklift",1,0,1,1,0,1,1,1
W0586,Tyler Garcia,Male,52.41594,4.915941,"Admin,Welding,Packaging",1,1,0,1,0,0,1,3
W0587,Jessica Burns,Female,52.332027,4.875173,"Assembly,Logistics,Welding",0,0,0,0,1,0,0,2
W0588,Ashley Carroll,Female,52.361009,4.888924,"Welding,Assembly,Forklift",0,1,1,0,1,0,0,1
W0589,Angel Dean,Male,52.376756,4.914497,"Welding,Logistics",1,0,1,1,1,0,0,1
W0590,Mrs. Barbara Rubio,Female,52.390732,4.848424,"Logistics,Assembly",0,0,0,0,1,0,0,0
W0591,Leah Wallace,Female,52.402693,4.911384,"Admin,Assembly",1,0,0,0,0,0,0,3
W0592,Justin Martin,Male,52.38937,4.818252,"Assembly,Logistics",1,1,0,1,0,1,1,0
W0593,Shannon Higgins,Female,52.346306,4.864538,"Admin,Forklift",1,1,1,1,0,1,1,2
W0594,David Anderson,Male,52.317029,4.894986,"QA,Welding,Admin",0,1,0,0,1,0,0,2
W0595,Michelle Logan,Female,52.399736,4.910846,"Welding,Admin,Logistics",1,0,1,0,0,1,1,3
W0596,Grace Wiley,Female,52.375319,4.895634,"Forklift,Welding,Logistics",1,0,1,1,1,0,0,1
W0597,Melissa Ward,Female,52.390016,4.83359,"Assembly,Packaging,Forklift",1,0,1,1,1,1,1,0
W0598,Dalton Campbell,Male,52.371602,4.893769,"Admin,Assembly",0,1,1,0,1,1,1,1
W0599,Kevin Clark,Male,52.397066,4.823465,"Logistics,Assembly",0,1,1,1,0,0,1,0
W0600,Teresa Kelly,Female,52.408807,4.908686,"Welding,Admin,Packaging",1,1,1,0,0,1,0,3
W0601,Adam Oneal,Male,52.347859,4.881865,"Packaging,Assembly,QA",0,0,0,1,1,1,0,2
W0602,Victor Kim,Male,52.362392,4.891836,"Welding,Assembly",1,1,0,0,0,1,0,1
W0603,Kevin Williams,Male,52.33981,4.893518,"Packaging,Welding",1,0,0,1,1,0,1,2
W0604,John Young,Male,52.369203,4.876434,"QA,Admin",0,0,1,0,1,0,1,1
W0605,Craig Taylor PhD,Male,52.343663,4.888319,"Forklift,Welding,Packaging",1,1,0,0,1,1,0,2
W0606,James Miller,Male,52.349415,4.869524,"Packaging,Forklift,Assembly",0,0,1,0,0,1,1,2
W0607,Jennifer Parker,Female,52.391173,4.83723,"Logistics,Welding",1,1,0,0,1,1,0,0
W0608,Cindy Russell,Female,52.383747,4.822043,"Forklift,Assembly",0,1,1,0,0,0,1,0
W0609,Mr. Daniel Morales IV,Male,52.338882,4.903237,"Welding,Admin",0,0,1,1,1,0,0,2
W0610,Amy Lambert,Female,52.373979,4.889244,"Logistics,Assembly,Packaging",1,0,1,0,1,0,1,1
W0611,Tammy Snyder,Female,52.399337,4.911281,"Forklift,Logistics",0,1,1,0,0,0,0,3
W0612,Eric Fitzpatrick,Male,52.350931,4.895504,"Logistics,Assembly",1,1,0,1,1,1,0,2
W0613,Hannah Pierce,Female,52.382933,4.926474,"QA,Packaging,Logistics",1,0,1,1,0,1,1,3
W0614,Lisa Ramirez,Female,52.412495,4.90682,"Packaging,Logistics,Welding",0,0,0,0,0,1,0,3
W0615,Dennis Richards,Male,52.381081,4.886306,"Forklift,Packaging,QA",0,1,1,1,0,0,1,1
W0616,Stacy Villa,Female,52.370273,4.889602,"Forklift,Logistics,Admin",0,0,1,1,1,1,0,1
W0617,Joseph Brooks,Male,52.380126,4.825751,"Packaging,Welding",1,0,0,0,0,0,1,0
W0618,Christopher Watson,Male,52.367401,4.834392,"Admin,Logistics,QA",0,1,0,0,0,0,1,0
W0619,Laura Diaz,Female,52.373223,4.844474,"Packaging,QA",1,0,1,0,1,0,1,0
W0620,Kevin Thompson,Male,52.340204,4.901139,"Forklift,Admin",0,0,1,1,0,1,1,2
W0621,Jamie Martin,Female,52.351886,4.878291,"Logistics,Assembly",0,0,1,1,1,1,0,2
W0622,Ana Bailey,Female,52.395302,4.912435,"QA,Logistics",1,1,1,0,1,1,0,3
W0623,Laura Simmons,Female,52.385346,4.846105,"Logistics,Welding,Assembly",1,1,0,0,0,0,1,0
W0624,Erin Floyd,Female,52.408832,4.917694,"Welding,Assembly",0,0,0,0,0,0,0,3
W0625,Gerald Walker,Male,52.354642,4.881311,"Logistics,Admin,Welding",1,1,1,1,1,1,1,2
W0626,Jennifer Schwartz,Female,52.40412,4.81518,"Admin,Logistics,Assembly",1,1,0,1,0,1,0,0
W0627,Jacob Roberts,Male,52.368508,4.87785,"Forklift,Welding,Assembly",1,0,1,0,1,1,0,1
W0628,Christopher Dalton,Male,52.369509,4.895281,"Welding,Admin",1,1,0,0,1,1,0,1
W0629,Ashley Richardson,Female,52.392615,4.845333,"Welding,Packaging",1,0,0,0,1,0,1,0
W0630,Thomas Graham,Male,52.368406,4.844497,"QA,Admin,Assembly",1,1,0,0,0,1,0,0
W0631,Brent Mullen,Male,52.379741,4.84763,"Welding,Forklift",0,0,1,0,0,1,1,0
W0632,Jacob Turner,Male,52.330946,4.881106,"Welding,Forklift,QA",0,0,0,0,1,1,1,2
W0633,Nicholas Green,Male,52.380481,4.910787,"QA,Welding,Packaging",0,0,0,0,0,1,1,1
W0634,David Ortiz,Male,52.389288,4.896801,"Forklift,Packaging",1,1,0,0,0,0,0,1
W0635,Joshua Garrison,Male,52.332838,4.896295,"Assembly,Admin,Welding",1,1,0,1,0,1,1,2
W0636,Amber Keller,Female,52.335757,4.891347,"Admin,Welding,Forklift",1,1,0,1,0,1,0,2
W0637,Brittany Reyes,Female,52.394682,4.846089,"Packaging,Welding",1,0,0,1,1,1,1,0
W0638,Charles Lawrence,Male,52.319309,4.896623,"Admin,QA",1,1,1,1,0,0,0,2
W0639,Dr. Amanda Allen,Female,52.419932,4.924666,"Logistics,QA",1,1,1,1,1,0,0,3
W0640,Andrew Boone,Male,52.399654,4.934444,"QA,Forklift,Packaging",0,0,0,0,1,0,0,3
W0641,Willie Kim,Male,52.319813,4.891485,"Logistics,Packaging",1,0,0,0,0,1,1,2
W0642,Sabrina Barajas,Female,52.379835,4.821788,"Packaging,Admin,QA",1,1,0,1,0,0,1,0
W0643,Alexa Henry DVM,Female,52.380792,4.843304,"Forklift,Logistics",0,1,0,1,1,0,1,0
W0644,Thomas Duran,Male,52.389317,4.927007,"Admin,Logistics,QA",1,0,1,0,1,1,1,3
W0645,Adam Fisher,Male,52.3455,4.876454,"Welding,Forklift,Logistics",1,1,1,0,1,0,1,2
W0646,John Walton,Male,52.395531,4.832084,"Logistics,Forklift",1,0,1,1,1,0,1,0
W0647,Stephanie Webb,Female,52.381873,4.899971,"Forklift,Admin",0,1,0,1,1,0,1,1
W0648,Jonathan Baird,Male,52.393704,4.83696,"Packaging,QA",0,0,0,0,0,1,0,0
W0649,Michelle Martinez,Female,52.412144,4.900693,"Packaging,Logistics,Assembly",0,0,1,0,1,0,1,3
W0650,Monica Martinez,Female,52.405667,4.831486,"Logistics,Assembly,Forklift",0,1,0,0,0,0,0,0
W0651,Shelby Allen,Female,52.360673,4.884618,"QA,Packaging,Assembly",0,1,1,0,1,0,1,1
W0652,Maria Gonzalez,Female,52.33647,4.893638,"Packaging,QA",1,0,0,1,0,0,0,2
W0653,Gary Benson,Male,52.339985,4.904146,"Forklift,QA",0,1,0,1,0,1,0,2
W0654,Linda Smith,Female,52.378907,4.82605,"Assembly,QA,Packaging",1,0,1,1,0,1,1,0
W0655,Amanda Guzman PhD,Female,52.340986,4.886965,"Admin,Logistics,Welding",0,0,1,1,0,1,1,2
W0656,Richard Williams,Male,52.338809,4.906933,"Assembly,Welding,Forklift",1,1,0,0,0,1,1,2
W0657,Jamie Cooper,Female,52.37898,4.901976,"QA,Packaging,Admin",1,1,1,1,0,1,0,1
W0658,Pamela Stephens,Female,52.373084,4.908261,"Admin,Forklift,Packaging",1,0,0,0,1,0,0,1
W0659,Amy Yang,Female,52.367249,4.915302,"Admin,QA,Forklift",0,1,1,1,0,0,1,1
W0660,Adam Blair,Male,52.409245,4.822053,"QA,Logistics",0,1,0,0,0,1,0,0
W0661,Marcus Nielsen,Male,52.411987,4.915986,"Welding,Packaging",0,1,1,0,0,0,0,3
W0662,Natasha Ortiz,Female,52.412635,4.901125,"Logistics,Forklift",1,1,0,0,1,1,1,3
W0663,Kathy Knox,Female,52.377336,4.904124,"Assembly,Admin,Logistics",0,0,0,1,1,1,0,1
W0664,Robert Thomas,Male,52.403231,4.835162,"Welding,Admin",0,0,0,0,0,1,0,0
W0665,Alicia Kelley,Female,52.392338,4.905407,"QA,Welding",1,0,0,1,1,1,1,3
W0666,Kimberly Carr,Female,52.330666,4.880282,"Assembly,Admin",1,1,1,0,1,1,1,2
W0667,Tony Martin,Male,52.410554,4.900786,"QA,Forklift,Logistics",0,0,0,1,1,0,0,3
W0668,Alicia Jennings,Female,52.372161,4.89631,"Forklift,Assembly",0,0,0,0,1,1,1,1
W0669,Melissa Lee,Female,52.416184,4.906412,"QA,Welding,Assembly",0,1,0,0,0,0,1,3
W0670,Justin Lucas,Male,52.398225,4.830872,"Forklift,QA,Welding",0,1,1,0,1,0,0,0
W0671,Christina Clark,Female,52.41291,4.930938,"Forklift,Assembly",0,0,0,0,1,0,0,3
W0672,Virginia Flores,Female,52.409487,4.923939,"Welding,Forklift",0,0,0,0,0,1,1,3
W0673,Michael Brown,Male,52.390204,4.914092,"Logistics,Forklift,QA",0,0,1,0,1,0,0,3
W0674,Keith Rodriguez,Male,52.34736,4.884539,"Logistics,Welding,QA",1,1,1,1,1,0,1,2
W0675,Daniel Nelson,Male,52.403295,4.851549,"Assembly,Admin",0,1,0,1,0,0,0,0
W0676,Jeffrey Lynn MD,Male,52.373264,4.82841,"Forklift,Logistics",1,1,1,1,0,0,0,0
W0677,Courtney Anderson,Female,52.396619,4.913149,"Welding,Packaging,Admin",1,0,0,1,1,1,1,3
W0678,Renee Bell,Female,52.382813,4.84244,"Admin,Forklift,QA",1,1,1,1,1,1,1,0
W0679,Sarah Acevedo,Female,52.337135,4.895094,"Logistics,Forklift",1,0,1,1,1,0,1,2
W0680,Ronald Lyons,Male,52.379022,4.83873,"Admin,Packaging",0,0,1,1,1,0,0,0
W0681,Elizabeth Thompson,Female,52.348245,4.877197,"QA,Logistics,Forklift",0,1,0,1,0,0,1,2
W0682,Tim Johnson,Male,52.370868,4.889071,"Logistics,Assembly",0,0,1,1,1,1,0,1
W0683,Judy Nelson,Female,52.366523,4.875515,"Logistics,Forklift",0,1,0,0,1,0,0,1
W0684,Colton Sweeney,Male,52.375295,4.878634,"QA,Admin,Packaging",1,0,0,1,1,1,0,1
W0685,Alejandro Williams,Male,52.366532,4.893198,"Logistics,QA",0,1,1,0,0,0,0,1
W0686,Mr. James Johnson MD,Male,52.391836,4.839375,"Forklift,Assembly,Admin",0,0,0,0,0,0,1,0
W0687,Kathy Robinson,Female,52.385407,4.836348,"Packaging,Logistics",0,0,1,1,0,0,0,0
W0688,Ruben Reynolds,Male,52.343643,4.890891,"Assembly,Admin",0,1,0,0,0,1,0,2
W0689,Melanie Hickman,Female,52.417723,4.895087,"Forklift,Packaging,Logistics",1,1,1,0,1,1,1,3
W0690,David Smith,Male,52.314713,4.897601,"Forklift,Assembly,Packaging",1,1,0,1,0,0,0,2
W0691,Nicholas Rodriguez,Male,52.380425,4.894453,"Logistics,Packaging",0,0,0,1,1,0,1,1
W0692,Kristen Watson,Female,52.38885,4.840953,"Admin,Assembly,Welding",1,0,0,0,0,0,1,0
W0693,Kristina Rivera,Female,52.371515,4.900308,"Admin,Forklift,Welding",1,1,0,0,1,1,0,1
W0694,Robert Chen,Male,52.338263,4.902015,"Assembly,QA",1,0,0,0,0,0,1,2
W0695,Manuel Chambers,Male,52.397473,4.83573,"Logistics,QA,Forklift",1,0,0,0,1,0,0,0
W0696,Kristen Wood MD,Female,52.36307,4.894024,"Welding,Admin",1,1,0,0,0,1,1,1
W0697,Michele Smith,Female,52.365101,4.829699,"Forklift,Assembly,QA",0,0,1,0,1,0,0,0
W0698,Stephanie Ross,Female,52.390061,4.807391,"QA,Logistics",0,1,0,1,1,1,1,0
W0699,Sherry Wade,Female,52.347313,4.882731,"QA,Welding",0,1,1,1,1,0,0,2
W0700,Randy Smith,Male,52.393211,4.828752,"Packaging,Assembly,Forklift",1,0,0,0,1,1,0,0
W0701,Steven Hurst,Male,52.394674,4.855719,"Admin,Forklift",1,0,0,0,1,1,0,0
W0702,Christopher Woodard,Male,52.397178,4.829489,"Forklift,Logistics",1,0,0,0,0,0,0,0
W0703,Angela Newton,Female,52.337368,4.886463,"QA,Admin,Logistics",0,0,1,1,1,1,1,2
W0704,Casey Chen,Female,52.407452,4.919294,"Welding,QA,Admin",1,0,1,0,1,1,1,3
W0705,Robert Joseph,Male,52.379855,4.833583,"Logistics,Admin,Assembly",1,0,1,0,0,1,0,0
W0706,David Hicks,Male,52.345825,4.890103,"QA,Forklift,Welding",1,0,1,1,1,1,0,2
W0707,Michelle Lopez,Female,52.387768,4.834787,"Welding,Logistics,Packaging",0,0,0,0,1,0,0,0
W0708,Jon Taylor,Male,52.368521,4.89199,"QA,Admin,Assembly",0,0,0,1,0,0,0,1
W0709,Natasha Shelton,Female,52.335484,4.911863,"Packaging,Forklift,QA",1,0,1,0,1,1,0,2
W0710,Natalie Taylor,Female,52.345553,4.897205,"Packaging,Welding,Assembly",1,0,1,1,1,1,1,2
W0711,Leah Jenkins,Female,52.343464,4.889289,"Assembly,Forklift",1,0,1,1,1,1,1,2
W0712,Jacqueline Ray,Female,52.333766,4.872191,"Assembly,Packaging,Welding",1,0,0,0,1,0,1,2
W0713,Teresa Wood,Female,52.39265,4.93634,"QA,Logistics,Admin",1,1,0,1,1,1,1,3
W0714,Shawn Wallace,Male,52.385096,4.885089,"Assembly,Packaging",0,0,0,0,0,0,1,1
W0715,Sarah Wilkerson,Female,52.388115,4.839796,"Logistics,Admin",1,1,1,1,0,1,1,0
W0716,Christine Nguyen,Female,52.366028,4.894032,"Logistics,Assembly,Welding",0,1,0,0,0,0,1,1
W0717,Andrea Berry,Female,52.395268,4.838703,"QA,Assembly,Logistics",0,0,1,0,0,0,1,0
W0718,Paula Mitchell,Female,52.408026,4.9206,"Logistics,Admin",1,1,0,0,0,1,1,3
W0719,Robert Shepherd,Male,52.317322,4.893927,"Admin,QA",0,1,0,0,1,1,1,2
W0720,Michael Butler,Male,52.375407,4.903356,"Assembly,Admin",1,1,0,0,0,0,1,1
W0721,Elizabeth Smith,Female,52.371723,4.835307,"Assembly,Forklift",0,1,0,0,0,0,0,0
W0722,Lee Pope,Male,52.397415,4.838489,"QA,Forklift",0,1,0,0,0,1,0,0
W0723,Timothy Price,Male,52.382947,4.852552,"Assembly,Welding",0,1,1,1,0,0,1,0
W0724,Sherri Gomez,Female,52.340313,4.888478,"Admin,Assembly",0,0,0,0,0,1,1,2
W0725,Alexander Chaney,Male,52.336621,4.880604,"Assembly,Welding,Packaging",1,1,0,0,0,1,0,2
W0726,Mr. Jorge Smith,Male,52.354493,4.867273,"Packaging,Admin",0,0,0,1,0,0,0,2
W0727,Brenda Berry,Female,52.380063,4.889105,"Logistics,Admin",0,1,0,0,0,1,1,1
W0728,Mary Briggs,Female,52.392387,4.926474,"Assembly,Logistics",1,1,0,1,1,0,1,3
W0729,Lindsay Mason,Female,52.347079,4.880744,"Packaging,Assembly",1,0,1,0,1,0,1,2
W0730,Michelle Hammond,Female,52.383483,4.828979,"Admin,Forklift",0,0,1,0,1,1,0,0
W0731,Scott Torres,Male,52.3796,4.889737,"Logistics,Admin,QA",0,1,1,0,0,0,0,1
W0732,Michael Medina,Male,52.378922,4.926021,"Assembly,Admin,Welding",1,1,0,0,0,0,0,3
W0733,Stephanie Davis,Female,52.39011,4.90864,"Logistics,Forklift,Assembly",0,0,0,1,1,0,0,3
W0734,Matthew Wagner,Male,52.377397,4.890126,"Packaging,QA",1,1,0,0,1,1,1,1
W0735,Chris White,Male,52.375953,4.91052,"Welding,Packaging,Assembly",1,1,0,0,1,0,0,1
W0736,Heather White,Female,52.328707,4.8916,"Logistics,Packaging",1,0,0,1,1,1,1,2
W0737,Andrew Garner,Male,52.355022,4.833416,"Packaging,Admin,Welding",1,1,1,1,0,0,1,0
W0738,Michelle Luna DDS,Female,52.383074,4.878822,"Assembly,Forklift",1,0,0,0,0,1,0,1
W0739,Ronald Taylor,Male,52.410137,4.930142,"Logistics,QA,Welding",0,0,1,1,0,0,0,3
W0740,Beth Murphy,Female,52.339105,4.880287,"Admin,Packaging,Logistics",1,1,0,1,1,0,1,2
W0741,Kari Dickerson,Female,52.401707,4.915915,"Packaging,QA,Assembly",0,1,0,1,0,0,0,3
W0742,Ryan Zimmerman,Male,52.352143,4.892522,"Admin,Forklift,QA",1,1,1,0,1,0,0,2
W0743,Justin Peterson,Male,52.376575,4.830632,"QA,Forklift",1,1,1,1,1,1,0,0
W0744,Jennifer Evans,Female,52.336788,4.889543,"QA,Admin,Logistics",1,0,0,1,1,0,0,2
W0745,Adam Bailey,Male,52.388183,4.828908,"QA,Logistics",1,0,1,0,1,0,0,0
W0746,Timothy Quinn,Male,52.403424,4.914533,"Forklift,Packaging",1,1,1,0,1,0,1,3
W0747,Kelsey Lyons,Female,52.343258,4.899539,"Forklift,Packaging",0,0,0,0,0,1,1,2
W0748,Austin Smith,Male,52.350739,4.89187,"Admin,Assembly,Packaging",1,0,1,1,0,1,0,2
W0749,Ryan Ramos,Male,52.34153,4.897078,"Forklift,Welding,Logistics",1,1,0,1,0,0,0,2
W0750,Maurice Davidson,Male,52.393887,4.894219,"Welding,Packaging",1,0,1,0,1,0,0,1
W0751,Christian James,Male,52.371039,4.833539,"QA,Packaging,Forklift",0,0,0,0,0,1,1,0
W0752,Steven Clark,Male,52.344472,4.885406,"Logistics,Admin",1,0,1,1,1,1,0,2
W0753,Ryan Mcmahon,Male,52.390692,4.843591,"Packaging,Admin",1,0,1,0,0,1,0,0
W0754,Tina Cook,Female,52.337855,4.890193,"Packaging,Logistics,QA",1,1,1,1,0,1,0,2
W0755,Jill Silva,Female,52.379435,4.884216,"Packaging,QA,Assembly",1,0,1,1,1,0,1,1
W0756,Amanda Taylor,Female,52.369554,4.896712,"Admin,QA,Packaging",0,0,0,0,0,1,1,1
W0757,Nathan Dawson,Male,52.337622,4.890901,"Assembly,Welding,Packaging",0,1,0,0,0,0,0,2
W0758,Elizabeth White,Female,52.351336,4.891551,"QA,Packaging",0,0,1,1,0,0,0,2
W0759,Seth Johnson,Male,52.347657,4.904801,"Logistics,Forklift,Assembly",0,0,0,1,0,1,1,2
W0760,Marisa Brown,Female,52.404362,4.92286,"Packaging,Forklift",1,0,0,1,1,0,0,3
W0761,Erin Jordan,Female,52.33834,4.88366,"QA,Assembly",1,0,0,1,0,0,0,2
W0762,Linda Martin,Female,52.39141,4.841234,"Logistics,Assembly,Welding",0,0,1,1,0,0,1,0
W0763,Paul Chavez,Male,52.373637,4.828598,"Assembly,Forklift",0,0,0,0,0,1,0,0
W0764,Amy Mooney,Female,52.392082,4.813709,"QA,Forklift,Assembly",1,0,1,1,1,0,1,0
W0765,David Williams,Male,52.394127,4.911034,"Logistics,Forklift",1,1,1,0,0,1,0,3
W0766,Kimberly Perkins,Female,52.364534,4.893488,"Packaging,Forklift,Admin",0,0,0,1,0,1,1,1
W0767,Anthony Nash,Male,52.384285,4.912309,"Admin,Welding",0,0,0,0,0,0,0,3
W0768,Emily Dougherty,Female,52.362525,4.8846,"Forklift,Welding",1,1,1,0,0,0,0,1
W0769,Holly Osborne,Female,52.347511,4.896497,"Logistics,QA",1,0,0,1,0,0,1,2
W0770,Mr. Jacob Chung,Male,52.329386,4.866972,"Welding,Packaging,Admin",0,1,1,0,0,0,0,2
W0771,Amanda Oliver,Female,52.405707,4.898233,"Packaging,QA",1,0,1,0,1,0,1,3
W0772,Rhonda Hernandez,Female,52.405517,4.919318,"Assembly,Logistics",1,1,1,0,1,1,0,3
W0773,Miguel Barker,Male,52.388723,4.843467,"QA,Packaging,Welding",1,1,0,1,0,1,0,0
W0774,Mark Rogers,Male,52.368721,4.901423,"Welding,Packaging,Forklift",0,1,0,1,1,0,1,1
W0775,Megan Dean,Female,52.341878,4.872066,"Packaging,Admin",1,1,1,0,0,1,1,2
W0776,Chelsea Harrell,Female,52.404521,4.93915,"Assembly,Logistics,Admin",1,1,1,1,0,0,1,3
W0777,Danny Donaldson,Male,52.344414,4.886935,"Admin,Welding",1,0,1,0,0,0,0,2
W0778,David Turner,Male,52.37511,4.841584,"Packaging,Admin,Assembly",0,0,0,1,1,1,0,0
W0779,Mary Phillips,Female,52.388731,4.902332,"Packaging,Welding,Admin",0,1,0,0,1,0,0,1
W0780,Daniel Duran,Male,52.40892,4.917827,"Admin,Assembly",1,0,1,1,0,0,0,3
W0781,Yvette Gardner,Female,52.393374,4.844196,"Assembly,Admin",0,0,0,0,1,1,0,0
W0782,Chelsea Williams,Female,52.405906,4.921916,"Welding,QA",1,0,0,0,1,1,1,3
W0783,Nicholas Guerrero,Male,52.3989,4.888603,"Welding,Logistics",1,0,1,1,1,0,0,1
W0784,Vicki Prince,Female,52.391218,4.905926,"Admin,Logistics,Welding",0,0,1,0,1,0,0,3
W0785,Christopher Davis,Male,52.351169,4.891619,"Forklift,Logistics",1,1,1,0,1,1,1,2
W0786,Mario Sanchez,Male,52.385397,4.907223,"Packaging,Forklift,Assembly",0,0,0,1,0,1,0,1
W0787,Crystal Ramirez,Female,52.40915,4.92676,"Admin,QA,Packaging",1,0,0,1,0,1,1,3
W0788,Sean Durham,Male,52.379837,4.912423,"QA,Forklift",0,1,1,0,1,1,1,1
W0789,Marilyn Greene,Female,52.396852,4.831712,"Assembly,Forklift",1,1,0,1,0,0,0,0
W0790,Andrea Mills,Female,52.379338,4.829468,"Logistics,Forklift",0,1,0,1,0,1,1,0
W0791,Samuel Thomas,Male,52.339445,4.893869,"Admin,Logistics,Packaging",0,1,1,0,1,0,1,2
W0792,Stephen Johnson,Male,52.399634,4.881811,"Packaging,Assembly,Logistics",1,1,1,0,0,0,0,1
W0793,Amanda Frederick,Female,52.364722,4.877166,"Forklift,Packaging,QA",1,0,0,1,1,0,1,1
W0794,Sarah Morales,Female,52.376998,4.831267,"Forklift,Assembly,Welding",0,0,1,1,1,0,1,0
W0795,Tracey Miller,Female,52.401533,4.911181,"Welding,Admin",1,0,0,0,0,1,0,3
W0796,Mrs. Mary Robles,Female,52.400588,4.913416,"Forklift,Logistics,Assembly",0,0,1,0,0,1,0,3
W0797,Chad Reid,Male,52.33243,4.895074,"Assembly,QA",0,1,1,0,1,1,0,2
W0798,Kenneth Hampton,Male,52.399311,4.840405,"Packaging,Welding",0,1,0,1,0,0,1,0
W0799,Ashlee Griffin,Female,52.397103,4.917976,"QA,Welding,Assembly",0,0,1,1,1,0,1,3
